Date,Open,High,Low,Close,Adj Close,Volume,ChangeRatio,week_day,positive
2016-12-07,186.149994,193.399994,185.0,193.149994,193.149994,5461900,3.92789225952459,2,1
2016-12-08,192.050003,192.5,189.53999299999998,192.28999299999998,192.28999299999998,3194100,-0.44525033741393827,3,0
2016-12-09,190.869995,193.83999599999999,190.809998,192.179993,192.179993,2722500,-0.05720526496664213,4,0
2016-12-12,192.800003,194.419998,191.179993,192.429993,192.429993,2438900,0.13008638209286438,0,1
2016-12-13,193.179993,201.279999,193.0,198.149994,198.149994,6823900,2.9725101117682895,1,1
2016-12-14,198.740005,203.0,196.759995,198.690002,198.690002,4150900,0.27252486315998414,2,1
2016-12-15,198.41000400000001,200.740005,197.389999,197.580002,197.580002,3219600,-0.5586592122536649,3,0
2016-12-16,198.080002,202.58999599999999,197.600006,202.490005,202.490005,3779800,2.4850708322191384,4,1
2016-12-19,202.490005,204.449997,199.83999599999999,202.729996,202.729996,3488100,0.11851992398341782,0,1
2016-12-20,203.050003,209.0,202.5,208.78999299999998,208.78999299999998,4689100,2.9891960339208934,1,1
2016-12-21,208.449997,212.229996,207.41000400000001,207.699997,207.699997,5207600,-0.5220537557084848,2,0
2016-12-22,208.220001,209.99000499999997,206.5,208.449997,208.449997,3111100,0.3610977423365025,3,1
2016-12-23,208.0,213.44999700000002,207.71000700000002,213.33999599999999,213.33999599999999,4662900,2.345885857700436,4,1
2016-12-27,214.88000499999998,222.25,214.419998,219.52999900000003,219.52999900000003,5915700,2.901473289612344,1,1
2016-12-28,221.52999900000003,223.80000299999998,217.19999700000002,219.74000499999997,219.74000499999997,3782500,0.0956616412137512,2,1
2016-12-29,218.559998,219.19999700000002,214.11999500000002,214.67999300000002,214.67999300000002,4035900,-2.302726806618549,3,0
2016-12-30,216.30000299999998,217.5,211.67999300000002,213.690002,213.690002,4642600,-0.461147304024756,4,0
2017-01-03,214.86000099999998,220.330002,210.960007,216.99000499999997,216.99000499999997,5923300,1.5442945243643091,1,1
2017-01-04,214.75,228.0,214.309998,226.99000499999997,226.99000499999997,11213500,4.6085071982923775,2,1
2017-01-05,226.419998,227.479996,221.94999700000002,226.75,226.75,5911700,-0.10573373043450962,3,0
2017-01-06,226.92999300000002,230.309998,225.44999700000002,229.00999500000003,229.00999500000003,5527900,0.9966901874311151,4,1
2017-01-09,228.97000099999997,231.919998,228.0,231.27999900000003,231.27999900000003,3957000,0.9912248589848627,0,1
2017-01-10,232.0,232.0,226.88999900000002,229.86999500000002,229.86999500000002,3660000,-0.6096523720583447,1,0
2017-01-11,229.07000699999998,229.979996,226.67999300000002,229.729996,229.729996,3650800,-0.06090355550754101,2,0
2017-01-12,229.059998,230.69999700000002,225.580002,229.58999599999999,229.58999599999999,3790200,-0.06094110583626522,3,0
2017-01-13,230.0,237.850006,229.58999599999999,237.75,237.75,6093000,3.5541635707855512,4,1
2017-01-17,236.69999700000002,239.960007,234.36999500000002,235.580002,235.580002,4611900,-0.91272260778128,1,0
2017-01-18,236.649994,239.710007,235.580002,238.36000099999998,238.36000099999998,3769000,1.180065785040596,2,1
2017-01-19,247.25,248.67999300000002,240.75,243.75999500000003,243.75999500000003,7732300,2.265478258661391,3,1
2017-01-20,245.460007,246.0,243.00999500000003,244.729996,244.729996,4204300,0.3979328109191771,4,1
2017-01-23,245.850006,250.88999900000002,245.5,248.919998,248.919998,6262900,1.7120917208693909,0,1
2017-01-24,250.0,254.80000299999998,249.649994,254.61000099999998,254.61000099999998,4965500,2.285876203486059,1,1
2017-01-25,257.309998,258.459991,251.80000299999998,254.47000099999997,254.47000099999997,5142600,-0.05498605689099323,2,0
2017-01-26,254.289993,255.74000499999997,250.75,252.50999500000003,252.50999500000003,3152100,-0.7702306724948427,3,0
2017-01-27,251.38000499999998,253.0,248.520004,252.94999700000002,252.94999700000002,3166300,0.1742513202299234,4,1
2017-01-30,252.52999900000003,255.289993,247.100006,250.63000499999998,250.63000499999998,3801100,-0.9171741559657165,0,0
2017-01-31,249.24000499999997,255.88999900000002,247.69999700000002,251.92999300000002,251.92999300000002,4116100,0.5186880956252748,1,1
2017-02-01,253.05000299999998,253.19999700000002,249.05000299999998,249.24000499999997,249.24000499999997,3958800,-1.0677521830439796,2,0
2017-02-02,248.33999599999999,252.419998,247.710007,251.55000299999998,251.55000299999998,2499800,0.9268167042445707,3,1
2017-02-03,251.91000400000001,252.17999300000002,249.67999300000002,251.330002,251.330002,2186700,-0.08745815836860293,4,0
2017-02-06,251.0,257.820007,250.63000499999998,257.769989,257.769989,3562500,2.562363008296953,0,1
2017-02-07,258.190002,260.0,256.420013,257.480011,257.480011,4244800,-0.11249486455927604,1,0
2017-02-08,257.350006,263.359985,256.200012,262.079987,262.079987,3933000,1.7865371304493394,2,1
2017-02-09,266.25,271.179993,266.149994,269.200012,269.200012,7820200,2.7167373905585546,3,1
2017-02-10,269.790009,270.950012,266.109985,269.230011,269.230011,3619700,0.01114375879001095,4,1
2017-02-13,270.73999,280.790009,270.51001,280.600006,280.600006,7029600,4.223152893605175,0,1
2017-02-14,279.02999900000003,287.390015,278.609985,280.980011,280.980011,7329400,0.13542587023323005,1,1
2017-02-15,280.0,282.23999,276.440002,279.76001,279.76001,4947900,-0.43419494349723475,2,0
2017-02-16,277.600006,280.0,268.5,268.950012,268.950012,7077300,-3.864025455246445,3,0
2017-02-17,265.799988,272.890015,264.149994,272.230011,272.230011,6257100,1.2195571123454707,4,1
2017-02-21,275.450012,281.399994,274.01001,277.390015,277.390015,5676700,1.8954574409505653,1,1
2017-02-22,280.309998,283.450012,272.600006,273.51001,273.51001,8755000,-1.3987543855895401,2,0
2017-02-23,264.0,264.660004,255.559998,255.99000499999997,255.99000499999997,14915200,-6.405617476303716,3,0
2017-02-24,252.66000400000001,258.25,250.19999700000002,257.0,257.0,8171600,0.3945447010714531,4,1
2017-02-27,248.169998,248.36000099999998,242.00999500000003,246.229996,246.229996,11460800,-4.19066303501946,0,0
2017-02-28,244.190002,251.0,243.899994,249.99000499999997,249.99000499999997,6078100,1.5270312557694954,1,1
2017-03-01,254.17999300000002,254.850006,249.11000099999998,250.020004,250.020004,4809500,0.01200007976320805,2,1
2017-03-02,249.710007,253.27999900000003,248.270004,250.479996,250.479996,3351800,0.18398207848999704,3,1
2017-03-03,250.74000499999997,251.899994,249.0,251.57000699999998,251.57000699999998,2919400,0.43516888270789256,4,1
2017-03-06,247.91000400000001,251.69999700000002,247.50999500000003,251.210007,251.210007,3355500,-0.14310131970540763,0,0
2017-03-07,251.919998,253.88999900000002,248.32000699999998,248.58999599999999,248.58999599999999,3459500,-1.0429564615234477,1,0
2017-03-08,247.0,250.07000699999998,245.32000699999998,246.86999500000002,246.86999500000002,3725200,-0.6919027425383528,2,0
2017-03-09,247.63000499999998,248.66000400000001,243.0,244.899994,244.899994,3879300,-0.7979912666178923,3,0
2017-03-10,246.210007,246.5,243.0,243.690002,243.690002,3066300,-0.4940759614718515,4,0
2017-03-13,244.82000699999998,246.850006,242.77999900000003,246.169998,246.169998,3022600,1.0176847550766643,0,1
2017-03-14,246.11000099999998,258.119995,246.020004,258.0,258.0,7598400,4.805622982537461,1,1
2017-03-15,257.0,261.0,254.270004,255.729996,255.729996,5330800,-0.879846511627902,2,0
2017-03-16,262.399994,265.75,259.059998,262.049988,262.049988,7132200,2.4713534191741715,3,1
2017-03-17,264.0,265.329987,261.200012,261.5,261.5,6497500,-0.20987904033027416,4,0
2017-03-20,260.600006,264.549988,258.820007,261.920013,261.920013,3614300,0.1606168260038121,0,1
2017-03-21,262.829987,264.799988,250.24000499999997,250.67999300000002,250.67999300000002,6908600,-4.291394105879176,1,0
2017-03-22,251.559998,255.07000699999998,250.50999500000003,255.00999500000003,255.00999500000003,4059300,1.7273025853323798,2,1
2017-03-23,255.38999900000002,257.670013,253.30000299999998,254.77999900000003,254.77999900000003,3320200,-0.09019097467140025,3,0
2017-03-24,255.69999700000002,263.890015,255.00999500000003,263.160004,263.160004,5647300,3.289114150597028,4,1
2017-03-27,260.600006,270.570007,259.75,270.22000099999997,270.22000099999997,6230800,2.682777357002908,0,1
2017-03-28,277.019989,280.679993,275.0,277.450012,277.450012,7987600,2.675601722020593,1,1
2017-03-29,278.339996,279.600006,275.540009,277.380005,277.380005,3676200,-0.025232293015731155,2,0
2017-03-30,278.040009,282.0,277.209991,277.920013,277.920013,4148400,0.19468166063376646,3,1
2017-03-31,278.730011,279.679993,276.320007,278.299988,278.299988,3294600,0.1367209924533208,4,1
2017-04-03,286.899994,299.0,284.579987,298.519989,298.519989,13888600,7.265541455934255,0,1
2017-04-04,296.890015,304.809998,294.52999900000003,303.700012,303.700012,10134600,1.7352348890780744,1,1
2017-04-05,302.040009,304.880005,294.200012,295.0,295.0,7880900,-2.864672919407063,2,0
2017-04-06,296.880005,301.940002,294.100006,298.700012,298.700012,5520600,1.2542413559322174,3,1
2017-04-07,297.5,302.690002,297.149994,302.540009,302.540009,4579600,1.2855697508308062,4,1
2017-04-10,309.149994,313.730011,308.709991,312.390015,312.390015,7664500,3.255769718708512,0,1
2017-04-11,313.380005,313.47000099999997,305.5,308.709991,308.709991,5724600,-1.1780222873000623,1,0
2017-04-12,306.339996,308.450012,296.320007,296.839996,296.839996,6050700,-3.845031047278291,2,0
2017-04-13,296.700012,307.390015,295.299988,304.0,304.0,9284600,2.4120752245260224,3,1
2017-04-17,302.700012,304.0,298.679993,301.440002,301.440002,4138700,-0.8421046052631609,0,0
2017-04-18,299.700012,300.839996,297.899994,300.25,300.25,3035700,-0.3947724230707772,1,0
2017-04-19,302.459991,306.619995,302.109985,305.519989,305.519989,3898000,1.7552003330557842,2,1
2017-04-20,306.51001,309.149994,300.230011,302.51001,302.51001,6149400,-0.9851987131355822,3,0
2017-04-21,302.0,306.399994,300.420013,305.600006,305.600006,4509800,1.0214524802005576,4,1
2017-04-24,309.22000099999997,310.549988,306.019989,308.02999900000003,308.02999900000003,5083500,0.7951547618752386,0,1
2017-04-25,308.0,313.980011,305.859985,313.790009,313.790009,6737700,1.869950984871438,1,1
2017-04-26,312.369995,314.5,309.0,310.170013,310.170013,4695000,-1.1536364754048067,2,0
2017-04-27,311.690002,313.089996,307.5,308.630005,308.630005,3468600,-0.4965044767238691,3,0
2017-04-28,309.829987,314.799988,308.0,314.070007,314.070007,4463400,1.7626290094509667,4,1
2017-05-01,314.880005,327.25,314.809998,322.829987,322.829987,8829600,2.7891806937171415,0,1
2017-05-02,324.0,327.660004,316.559998,318.890015,318.890015,5382800,-1.2204479629087328,1,0
2017-05-03,317.670013,321.52999900000003,310.450012,311.019989,311.019989,7133400,-2.467943688986307,2,0
2017-05-04,307.440002,307.769989,290.76001,295.459991,295.459991,14152000,-5.0028932384792775,3,0
2017-05-05,298.0,308.549988,296.799988,308.350006,308.350006,8177300,4.362693898545467,4,1
2017-05-08,310.899994,313.790009,305.820007,307.190002,307.190002,7006500,-0.3761971712107015,0,0
2017-05-09,309.380005,321.98999,309.100006,321.26001,321.26001,9676500,4.58022979536945,1,1
2017-05-10,321.559998,325.5,318.119995,325.22000099999997,325.22000099999997,5741600,1.2326436147467978,2,1
2017-05-11,323.399994,326.0,319.600006,323.100006,323.100006,4753800,-0.6518648894537016,3,0
2017-05-12,325.480011,327.0,321.52999900000003,324.809998,324.809998,4121600,0.5292454250217515,4,1
2017-05-15,318.380005,320.200012,312.52999900000003,315.880005,315.880005,7622000,-2.7492974523524394,0,0
2017-05-16,317.589996,320.059998,315.140015,317.01001,317.01001,4152500,0.357732361059071,1,1
2017-05-17,314.390015,314.630005,305.5,306.109985,306.109985,6711900,-3.4383851159778933,2,0
2017-05-18,307.0,313.940002,305.309998,313.059998,313.059998,5653800,2.2704300220719675,3,1
2017-05-19,315.5,316.5,310.200012,310.829987,310.829987,4687600,-0.7123270345130384,4,0
2017-05-22,312.799988,314.369995,306.799988,310.350006,310.350006,4329200,-0.15441914232039444,0,0
2017-05-23,310.459991,310.730011,303.480011,303.859985,303.859985,4318400,-2.0911940952242247,1,0
2017-05-24,306.51001,311.0,305.399994,310.22000099999997,310.22000099999997,5033300,2.0930745455016053,2,1
2017-05-25,311.019989,316.97000099999997,307.809998,316.829987,316.829987,5014000,2.1307414024539506,3,1
2017-05-26,317.27999900000003,325.48999,316.309998,325.140015,325.140015,7802200,2.6228666290984526,4,1
2017-05-30,326.0,336.27999900000003,325.76001,335.100006,335.100006,7782900,3.0632929016749966,1,1
2017-05-31,337.690002,342.890015,335.160004,341.01001,341.01001,9963400,1.76365380309782,2,1
2017-06-01,344.0,344.880005,337.290009,340.369995,340.369995,7608000,-0.18768217390451314,3,0
2017-06-02,339.769989,342.880005,335.929993,339.850006,339.850006,5590200,-0.15277169187607464,4,0
2017-06-05,338.5,348.440002,334.209991,347.320007,347.320007,6784400,2.198028797445417,0,1
2017-06-06,344.700012,359.48999,339.97000099999997,352.850006,352.850006,11086800,1.5921913188260417,1,1
2017-06-07,356.339996,360.5,355.140015,359.649994,359.649994,9398000,1.9271610838515807,2,1
2017-06-08,363.75,371.899994,360.22000099999997,370.0,370.0,9009800,2.8777995753282326,3,1
2017-06-09,374.420013,376.869995,354.799988,357.320007,357.320007,17261400,-3.427025135135142,4,0
2017-06-12,357.98999,364.5,350.619995,359.01001,359.01001,10517700,0.4729662394751033,0,1
2017-06-13,367.619995,376.0,366.609985,375.950012,375.950012,11807900,4.718531942883697,1,1
2017-06-14,381.089996,384.25,376.309998,380.660004,380.660004,12818400,1.252824005761699,2,1
2017-06-15,372.5,375.459991,366.48999,375.339996,375.339996,10426500,-1.3975747239260872,3,0
2017-06-16,377.980011,378.01001,370.100006,371.399994,371.399994,6731000,-1.049715469171586,4,0
2017-06-19,375.0,376.700012,367.799988,369.799988,369.799988,6549300,-0.4308039918816009,0,0
2017-06-20,376.670013,378.880005,369.730011,372.23999,372.23999,7438700,0.6598166790638071,1,1
2017-06-21,374.350006,376.98999,368.019989,376.399994,376.399994,4923200,1.1175596689651845,2,1
2017-06-22,377.98999,385.0,373.570007,382.609985,382.609985,7529800,1.649838230337486,3,1
2017-06-23,382.450012,386.98999,379.350006,383.450012,383.450012,6445800,0.21955177149912686,4,1
2017-06-26,386.690002,386.950012,373.100006,377.48999,377.48999,6604100,-1.5543152467028865,0,0
2017-06-27,376.399994,376.399994,362.019989,362.369995,362.369995,6996400,-4.005402898233134,1,0
2017-06-28,366.679993,371.73999,362.519989,371.23999,371.23999,6302500,2.4477730282276733,2,1
2017-06-29,370.609985,371.0,354.100006,360.75,360.75,8221000,-2.8256627202257967,3,0
2017-06-30,363.709991,366.769989,359.619995,361.609985,361.609985,5848500,0.23838808038807446,4,1
2017-07-03,370.23999,371.350006,351.5,352.619995,352.619995,6305400,-2.486101151216824,0,0
2017-07-05,347.200012,347.23999,326.329987,327.089996,327.089996,17046700,-7.240088299587222,2,0
2017-07-06,317.26001,320.790009,306.299988,308.829987,308.829987,19324500,-5.582564194350958,3,0
2017-07-07,313.5,317.0,307.380005,313.22000099999997,313.22000099999997,14176900,1.4214986189148737,4,1
2017-07-10,312.899994,317.940002,303.130005,316.049988,316.049988,13820900,0.9035141405289826,0,1
2017-07-11,316.0,327.27999900000003,314.299988,327.22000099999997,327.22000099999997,11559400,3.534255157130395,1,1
2017-07-12,330.399994,333.100006,324.5,329.519989,329.519989,10346100,0.702887351925674,2,1
2017-07-13,330.109985,331.600006,319.97000099999997,323.410004,323.410004,8594500,-1.8542076972453359,3,0
2017-07-14,323.190002,328.420013,321.22000099999997,327.77999900000003,327.77999900000003,5625200,1.351224435221865,4,1
2017-07-17,325.540009,327.100006,313.450012,319.570007,319.570007,9876900,-2.5047263484798687,0,0
2017-07-18,317.5,329.130005,315.660004,328.23999,328.23999,6373700,2.713015242384742,1,1
2017-07-19,328.230011,331.649994,323.22000099999997,325.26001,325.26001,6357000,-0.9078662231253309,2,0
2017-07-20,326.899994,330.22000099999997,324.200012,329.920013,329.920013,5166200,1.4327008721422452,3,1
2017-07-21,329.459991,331.26001,325.799988,328.399994,328.399994,4901600,-0.4607234905752766,4,0
2017-07-24,330.23999,343.399994,330.01001,342.519989,342.519989,8637100,4.299633147983561,0,1
2017-07-25,345.0,345.600006,334.149994,339.600006,339.600006,6989200,-0.852500027377967,1,0
2017-07-26,340.359985,345.5,338.119995,343.850006,343.850006,4820800,1.2514722982660986,2,1
2017-07-27,346.0,347.5,326.290009,334.459991,334.459991,8302400,-2.730846251606578,3,0
2017-07-28,336.890015,339.600006,332.51001,335.070007,335.070007,4880400,0.1823883323611053,4,1
2017-07-31,335.5,341.48999,321.040009,323.47000099999997,323.47000099999997,8535100,-3.4619648902206923,0,0
2017-08-01,323.0,324.450012,316.130005,319.570007,319.570007,8303100,-1.205674092788589,1,0
2017-08-02,318.940002,327.119995,311.22000099999997,325.890015,325.890015,13091500,1.977659937279408,2,1
2017-08-03,345.329987,350.0,343.149994,347.089996,347.089996,13535000,6.505256382279767,3,1
2017-08-04,347.0,357.269989,343.299988,356.910004,356.910004,9268900,2.829239711074827,4,1
2017-08-07,357.350006,359.480011,352.75,355.170013,355.170013,6324500,-0.4875153345379579,0,0
2017-08-08,357.52999900000003,368.579987,357.399994,365.22000099999997,365.22000099999997,7449800,2.829627398752277,1,1
2017-08-09,361.0,370.0,358.950012,363.52999900000003,363.52999900000003,6892100,-0.46273533633770514,2,0
2017-08-10,361.600006,366.649994,354.660004,355.399994,355.399994,7092900,-2.2364055297675822,3,0
2017-08-11,356.97000099999997,361.26001,353.619995,357.869995,357.869995,4365800,0.6949918519131959,4,1
2017-08-14,364.630005,367.660004,362.600006,363.799988,363.799988,4502700,1.657024361598114,0,1
2017-08-15,365.200012,365.48999,359.369995,362.329987,362.329987,3085100,-0.4040684575283615,1,0
2017-08-16,363.0,366.5,362.519989,362.910004,362.910004,3413800,0.16007976728682483,2,1
2017-08-17,361.209991,363.299988,351.589996,351.920013,351.920013,5027700,-3.0282965139754148,3,0
2017-08-18,352.910004,354.0,345.799988,347.459991,347.459991,5408200,-1.2673396894879008,4,0
2017-08-21,345.820007,345.820007,331.850006,337.859985,337.859985,6495400,-2.762909759011656,0,0
2017-08-22,341.130005,342.23999,337.369995,341.350006,341.350006,4322000,1.0329784984747459,1,1
2017-08-23,338.98999,353.48999,338.299988,352.769989,352.769989,4954500,3.345534729535049,2,1
2017-08-24,352.519989,356.660004,349.73999,352.929993,352.929993,4584700,0.045356465966284176,3,1
2017-08-25,354.23999,355.690002,347.299988,348.049988,348.049988,3484000,-1.3827118966338592,4,0
2017-08-28,347.27999900000003,347.350006,339.72000099999997,345.660004,345.660004,3764000,-0.6866783744868155,0,0
2017-08-29,339.480011,349.049988,338.75,347.359985,347.359985,4073700,0.4918072615656133,1,1
2017-08-30,349.670013,353.47000099999997,347.0,353.179993,353.179993,3412900,1.6754975389580373,2,1
2017-08-31,353.549988,358.440002,352.820007,355.899994,355.899994,4072800,0.7701458332607158,3,1
2017-09-01,356.119995,357.589996,353.690002,355.399994,355.399994,3049500,-0.14048890374525058,4,0
2017-09-05,353.799988,355.48999,345.890015,349.589996,349.589996,3835100,-1.634777180103164,1,0
2017-09-06,349.5,350.980011,341.559998,344.52999900000003,344.52999900000003,4091400,-1.4474089813485302,2,0
2017-09-07,345.980011,352.480011,343.450012,350.609985,350.609985,4239200,1.7647188975262296,3,1
2017-09-08,348.98999,349.77999900000003,342.299988,343.399994,343.399994,3263500,-2.056413481778052,4,0
2017-09-11,351.350006,363.709991,350.0,363.690002,363.690002,7667100,5.908563877260864,0,1
2017-09-12,364.48999,368.76001,360.399994,362.75,362.75,5972900,-0.25846242537070907,1,0
2017-09-13,363.820007,368.070007,359.589996,366.230011,366.230011,4185200,0.9593414197105465,2,1
2017-09-14,364.329987,377.959991,362.630005,377.640015,377.640015,7202500,3.1155294916560106,3,1
2017-09-15,374.51001,380.0,372.700012,379.809998,379.809998,5420500,0.5746168080202008,4,1
2017-09-18,380.25,389.609985,377.679993,385.0,385.0,7188000,1.3664732438138705,0,1
2017-09-19,380.0,382.390015,373.570007,375.100006,375.100006,6451900,-2.5714270129870154,1,0
2017-09-20,373.0,378.25,371.070007,373.910004,373.910004,4919100,-0.3172492617875333,2,0
2017-09-21,374.899994,376.829987,364.51001,366.480011,366.480011,4618200,-1.9871073040345855,3,0
2017-09-22,366.48999,369.899994,350.880005,351.089996,351.089996,8159400,-4.199414575983518,4,0
2017-09-25,353.149994,357.47000099999997,342.880005,344.98999,344.98999,7605900,-1.7374479676145471,0,0
2017-09-26,350.929993,351.23999,340.899994,345.25,345.25,7156300,0.07536740413831566,1,1
2017-09-27,349.899994,351.48999,340.5,340.97000099999997,340.97000099999997,6060300,-1.2396811006517128,2,0
2017-09-28,339.880005,342.75,335.399994,339.600006,339.600006,5319600,-0.40179341173183225,3,0
2017-09-29,341.859985,344.679993,338.600006,341.100006,341.100006,5107100,0.44169610527038383,4,1
2017-10-02,342.519989,343.700012,335.51001,341.52999900000003,341.52999900000003,5286800,0.1260606837984124,0,1
2017-10-03,335.899994,348.549988,331.27999900000003,348.140015,348.140015,10153600,1.9354130001329573,1,1
2017-10-04,351.25,358.619995,349.600006,355.01001,355.01001,8163500,1.9733425357610912,2,1
2017-10-05,356.0,357.440002,351.350006,355.329987,355.329987,4171700,0.09013182473360803,3,1
2017-10-06,353.100006,360.100006,352.25,356.880005,356.880005,4297500,0.43621930507091733,4,1
2017-10-09,349.649994,351.75,342.670013,342.940002,342.940002,7493700,-3.9060756569984867,0,0
2017-10-10,346.799988,355.630005,345.52999900000003,355.589996,355.589996,6978500,3.688690128368277,1,1
2017-10-11,353.890015,357.600006,351.149994,354.600006,354.600006,4500800,-0.27840771988422164,2,0
2017-10-12,352.950012,359.77999900000003,352.640015,355.679993,355.679993,4087000,0.3045648566627479,3,1
2017-10-13,356.980011,358.48999,353.679993,355.570007,355.570007,3540500,-0.030922740149752492,4,0
2017-10-16,353.76001,354.480011,347.160004,350.600006,350.600006,5375500,-1.3977559698953979,0,0
2017-10-17,350.910004,356.22000099999997,350.070007,355.75,355.75,3293300,1.4689087027568437,1,1
2017-10-18,355.97000099999997,363.0,354.130005,359.649994,359.649994,4939100,1.096273787772306,2,1
2017-10-19,355.559998,357.149994,348.200012,351.809998,351.809998,5061800,-2.1798960463766837,3,0
2017-10-20,352.690002,354.549988,344.339996,345.100006,345.100006,4930400,-1.9072772343439737,4,0
2017-10-23,349.880005,349.950012,336.25,337.019989,337.019989,5747300,-2.3413552186376974,0,0
2017-10-24,338.799988,342.799988,336.160004,337.339996,337.339996,4491700,0.09495193473523234,1,1
2017-10-25,336.700012,337.5,323.559998,325.839996,325.839996,8594100,-3.4090235775066535,2,0
2017-10-26,327.77999900000003,330.230011,323.200012,326.170013,326.170013,5023500,0.10128191874885228,3,1
2017-10-27,319.75,324.589996,316.660004,320.869995,320.869995,6979700,-1.6249249743261807,4,0
2017-10-30,319.179993,323.77999900000003,317.25,320.079987,320.079987,4254400,-0.24620812550578686,0,0
2017-10-31,320.230011,331.950012,320.179993,331.52999900000003,331.52999900000003,5672300,3.5772345866784905,1,1
2017-11-01,332.25,332.609985,320.26001,321.079987,321.079987,8457300,-3.1520562336803892,2,0
2017-11-02,300.130005,308.690002,292.630005,299.26001,299.26001,19791400,-6.795807239147544,3,0
2017-11-03,299.5,306.25,295.130005,306.089996,306.089996,8894000,2.282291576478923,4,1
2017-11-06,307.0,307.5,299.01001,302.77999900000003,302.77999900000003,6486000,-1.0813803271113587,0,0
2017-11-07,301.019989,306.5,300.02999900000003,306.049988,306.049988,5294300,1.079988444018709,1,1
2017-11-08,305.5,306.890015,301.299988,304.390015,304.390015,4725300,-0.5423862326699336,2,0
2017-11-09,302.5,304.459991,296.299988,302.98999,302.98999,5447100,-0.45994445645664017,3,0
2017-11-10,302.5,308.359985,301.850006,302.98999,302.98999,4625400,0.0,4,0
2017-11-13,300.130005,316.799988,299.109985,315.399994,315.399994,7584900,4.095846202707887,0,1
2017-11-14,315.0,316.350006,306.899994,308.700012,308.700012,5676100,-2.124280953537361,1,0
2017-11-15,306.01001,312.48999,301.5,311.299988,311.299988,5978700,0.8422338512898975,2,1
2017-11-16,313.98999,318.140015,311.299988,312.5,312.5,5822100,0.3854841137995946,3,1
2017-11-17,325.670013,326.670013,313.149994,315.049988,315.049988,13735100,0.8159961599999876,4,1
2017-11-20,313.790009,315.5,304.75,308.73999,308.73999,8247700,-2.0028561308816806,0,0
2017-11-21,310.859985,318.230011,308.709991,317.809998,317.809998,7261300,2.937749657891753,1,1
2017-11-22,316.769989,317.420013,311.839996,312.600006,312.600006,4917600,-1.6393417553842937,2,0
2017-11-24,313.790009,316.410004,311.0,315.549988,315.549988,3244100,0.9436922403641912,4,1
2017-11-27,313.25,317.339996,309.51001,316.809998,316.809998,4555900,0.39930598888187063,0,1
2017-11-28,316.359985,320.0,313.920013,317.549988,317.549988,4949500,0.23357533053611768,1,1
2017-11-29,317.299988,318.0,301.230011,307.540009,307.540009,8767400,-3.152252992684723,2,0
2017-11-30,308.559998,310.700012,304.540009,308.850006,308.850006,4351600,0.425959862672709,3,1
2017-12-01,305.440002,310.320007,305.049988,306.52999900000003,306.52999900000003,4292900,-0.751175960799555,4,0
2017-12-04,306.5,308.269989,300.609985,305.200012,305.200012,5835100,-0.43388477615204923,0,0
2017-12-05,302.0,308.0,301.0,303.700012,303.700012,4646500,-0.49148097674386326,1,0
2017-12-06,300.100006,313.390015,300.0,313.26001,313.26001,7195300,3.1478424834570085,2,1
2017-12-07,312.0,318.630005,311.049988,311.23999,311.23999,4780600,-0.6448381330256714,3,0
2017-12-08,314.600006,316.980011,311.26001,315.130005,315.130005,3468500,1.2498442118572317,4,1
2017-12-11,314.630005,329.01001,313.75,328.910004,328.910004,7938000,4.372798140881584,0,1
2017-12-12,330.450012,341.440002,330.02999900000003,341.02999900000003,341.02999900000003,8733200,3.6848970394953495,1,1
2017-12-13,340.929993,344.22000099999997,336.5,339.02999900000003,339.02999900000003,6221500,-0.5864586710449426,2,0
2017-12-14,341.01001,347.440002,336.899994,337.890015,337.890015,5799900,-0.3362487105455281,3,0
2017-12-15,342.040009,343.899994,335.76001,343.450012,343.450012,6933200,1.6455049729717564,4,1
2017-12-18,344.899994,346.730011,337.579987,338.869995,338.869995,5476200,-1.3335323453125936,0,0
2017-12-19,340.26001,341.48999,330.299988,331.100006,331.100006,6825000,-2.292911474797288,1,0
2017-12-20,332.690002,333.100006,325.040009,328.980011,328.980011,5953800,-0.6402884208948079,2,0
2017-12-21,329.589996,333.73999,327.209991,331.660004,331.660004,4385200,0.8146370327648977,3,1
2017-12-22,329.51001,330.920013,324.820007,325.200012,325.200012,4215800,-1.9477754091807853,4,0
2017-12-26,323.829987,323.940002,316.579987,317.290009,317.290009,4378400,-2.4323501562478422,1,0
2017-12-27,316.0,317.679993,310.75,311.640015,311.640015,4712100,-1.7807034068948568,2,0
2017-12-28,311.75,315.820007,309.540009,315.359985,315.359985,4316300,1.1936753372316478,3,1
2017-12-29,316.179993,316.410004,310.0,311.350006,311.350006,3777200,-1.2715560599738107,4,0
2018-01-02,312.0,322.109985,311.0,320.52999900000003,320.52999900000003,4352200,2.948447992000358,1,1
2018-01-03,321.0,325.25,315.549988,317.25,317.25,4521500,-1.0233048420531854,2,0
2018-01-04,312.869995,318.549988,305.679993,314.619995,314.619995,9946300,-0.8290007880220607,3,0
2018-01-05,316.619995,317.23999,312.0,316.579987,316.579987,4591200,0.6229712132568066,4,1
2018-01-08,316.0,337.019989,315.5,336.410004,336.410004,9859400,6.26382519877986,0,1
2018-01-09,335.160004,338.799988,327.399994,333.690002,333.690002,7146600,-0.8085377865278964,1,0
2018-01-10,332.200012,337.0,330.0,334.799988,334.799988,4309900,0.3326398733396907,2,1
2018-01-11,335.23999,344.809998,333.26001,337.950012,337.950012,6645500,0.9408674172354026,3,1
2018-01-12,338.630005,340.410004,333.670013,336.22000099999997,336.22000099999997,4825100,-0.5119132826070238,4,0
2018-01-16,337.540009,345.0,334.799988,340.059998,340.059998,6474300,1.142108437504885,1,1
2018-01-17,340.47000099999997,349.0,339.75,347.160004,347.160004,7083700,2.087868623700939,2,1
2018-01-18,345.670013,352.299988,343.73999,344.570007,344.570007,5685800,-0.7460528200708416,3,0
2018-01-19,345.0,350.589996,342.600006,350.019989,350.019989,4888300,1.5816762600582512,4,1
2018-01-22,349.399994,357.829987,349.200012,351.559998,351.559998,6210400,0.439977443688222,0,1
2018-01-23,360.0,360.5,351.0,352.790009,352.790009,5465400,0.3498722855266312,1,1
2018-01-24,354.579987,354.75,343.519989,345.890015,345.890015,5287500,-1.9558359998794628,2,0
2018-01-25,348.269989,349.200012,336.399994,337.640015,337.640015,6740300,-2.385151245259276,3,0
2018-01-26,341.5,344.0,335.709991,342.850006,342.850006,4539400,1.5430608839417381,4,1
2018-01-29,339.850006,350.850006,338.27999900000003,349.52999900000003,349.52999900000003,4747100,1.9483718486503543,0,1
2018-01-30,345.140015,348.269989,342.170013,345.820007,345.820007,4717700,-1.0614230568518512,1,0
2018-01-31,347.51001,356.190002,345.190002,354.309998,354.309998,6214100,2.455031758761139,2,1
2018-02-01,351.0,359.660004,348.630005,349.25,349.25,4197700,-1.428127354170794,3,0
2018-02-02,348.440002,351.950012,340.51001,343.75,343.75,3704800,-1.5748031496062964,4,0
2018-02-05,337.97000099999997,344.47000099999997,333.0,333.130005,333.130005,4464100,-3.0894530909091,0,0
2018-02-06,325.209991,336.22000099999997,323.5,333.97000099999997,333.97000099999997,5088400,0.2521526093093751,1,1
2018-02-07,338.98999,346.0,335.660004,345.0,345.0,6969200,3.3026915492329056,2,1
2018-02-08,343.309998,348.619995,314.600006,315.230011,315.230011,10314600,-8.628982318840583,3,0
2018-02-09,319.929993,320.980011,294.76001,310.420013,310.420013,12933700,-1.5258693119799438,4,0
2018-02-12,316.130005,318.079987,306.25,315.730011,315.730011,6227800,1.7105849422150543,0,1
2018-02-13,315.019989,324.190002,312.51001,323.660004,323.660004,4560200,2.5116373875526232,1,1
2018-02-14,320.839996,326.170013,318.519989,322.309998,322.309998,3950700,-0.4171062174243789,2,0
2018-02-15,324.5,334.119995,322.399994,334.070007,334.070007,5912900,3.648664041752747,3,1
2018-02-16,332.5,343.119995,331.640015,335.48999,335.48999,5642600,0.42505551837821454,4,1
2018-02-20,334.47000099999997,340.839996,331.5,334.769989,334.769989,4009400,-0.21461176829745687,1,0
2018-02-21,336.02999900000003,339.690002,333.170013,333.299988,333.299988,3219600,-0.4391077600447657,2,0
2018-02-22,335.52999900000003,347.440002,334.75,346.170013,346.170013,6969800,3.8613937783880115,3,1
2018-02-23,347.829987,354.98999,347.100006,352.049988,352.049988,5817400,1.6985801135813494,4,1
2018-02-26,353.5,359.0,352.359985,357.420013,357.420013,4340000,1.5253586658267482,0,1
2018-02-27,356.25,359.98999,350.01001,350.98999,350.98999,4797400,-1.7990103424902482,1,0
2018-02-28,352.570007,355.23999,342.22000099999997,343.059998,343.059998,6069700,-2.259321412556514,2,0
2018-03-01,345.01001,348.670013,330.070007,330.929993,330.929993,6885600,-3.5358261151741677,3,0
2018-03-02,326.980011,335.22000099999997,322.97000099999997,335.119995,335.119995,5092800,1.2661294197047868,4,1
2018-03-05,332.390015,337.75,329.290009,333.350006,333.350006,3823800,-0.5281657395584505,0,0
2018-03-06,333.75,336.369995,327.02999900000003,328.200012,328.200012,4285700,-1.5449209261451102,1,0
2018-03-07,325.440002,332.5,321.73999,332.299988,332.299988,5007300,1.2492309110579747,2,1
2018-03-08,332.859985,333.299988,326.269989,329.100006,329.100006,3566200,-0.9629798722713079,3,0
2018-03-09,324.100006,328.48999,322.369995,327.170013,327.170013,5506800,-0.5864457504750176,4,0
2018-03-12,328.609985,347.209991,326.5,345.51001,345.51001,8264000,5.605647299955963,0,1
2018-03-13,328.609985,347.209991,326.5,341.839996,341.839996,5965800,-1.0622019315735698,1,0
2018-03-14,336.76001,339.809998,323.929993,326.630005,326.630005,7967400,-4.449447454358147,2,0
2018-03-15,329.380005,332.850006,321.100006,325.600006,325.600006,6564800,-0.3153412069414663,3,0
2018-03-16,322.929993,327.399994,319.070007,321.350006,321.350006,6117300,-1.3052825312294347,4,0
2018-03-19,316.5,320.75,309.670013,313.559998,313.559998,7484300,-2.424150569332806,0,0
2018-03-20,314.869995,316.25,308.76001,310.549988,310.549988,4764300,-0.9599470656968201,1,0
2018-03-21,310.25,322.440002,310.190002,316.52999900000003,316.52999900000003,5958400,1.9256194593702647,2,1
2018-03-22,313.890015,318.820007,308.179993,309.100006,309.100006,4939800,-2.34732664312175,3,0
2018-03-23,311.25,311.25,300.450012,301.540009,301.540009,6654900,-2.445809399304899,4,0
2018-03-26,307.339996,307.589996,291.359985,304.179993,304.179993,8375200,0.8755004049893822,0,1
2018-03-27,304.0,304.269989,277.179993,279.179993,279.179993,13872000,-8.218817994383997,1,0
2018-03-28,264.579987,268.679993,252.100006,257.77999900000003,257.77999900000003,21001400,-7.665303580690319,2,0
2018-03-29,256.48999,270.959991,248.210007,266.130005,266.130005,15170700,3.239198553957623,3,1
2018-04-02,256.26001,260.329987,244.58999599999999,252.479996,252.479996,16114000,-5.129075543360839,0,0
2018-04-03,269.820007,273.350006,254.49000499999997,267.52999900000003,267.52999900000003,18844400,5.960869470229246,1,1
2018-04-04,252.77999900000003,288.369995,252.0,286.940002,286.940002,19896700,7.255262240702942,2,1
2018-04-05,289.339996,306.26001,288.200012,305.72000099999997,305.72000099999997,19121100,6.5449218892805305,3,1
2018-04-06,301.0,309.27999900000003,295.5,299.299988,299.299988,13520300,-2.099964993785275,4,0
2018-04-09,300.369995,309.5,289.209991,289.660004,289.660004,10249800,-3.2208434301707944,0,0
2018-04-10,298.97000099999997,307.100006,293.679993,304.700012,304.700012,10989800,5.192297104297494,1,1
2018-04-11,300.73999,308.980011,299.660004,300.929993,300.929993,7482900,-1.237288759936117,2,0
2018-04-12,302.320007,303.950012,293.679993,294.079987,294.079987,7608800,-2.2762789217889656,3,0
2018-04-13,303.600006,303.950012,295.980011,300.339996,300.339996,7327200,2.1286756245674,4,1
2018-04-16,299.0,299.660004,289.01001,291.209991,291.209991,6338500,-3.039889832055531,0,0
2018-04-17,288.869995,292.170013,282.51001,287.690002,287.690002,7000000,-1.2087459595436778,1,0
2018-04-18,291.079987,300.23999,288.160004,293.350006,293.350006,6557700,1.9673968370996775,2,1
2018-04-19,291.079987,301.01001,288.549988,300.079987,300.079987,6090600,2.294181306408438,3,1
2018-04-20,295.170013,299.980011,289.75,290.23999,290.23999,5627900,-3.2791247088397313,4,0
2018-04-23,291.290009,291.619995,282.329987,283.369995,283.369995,4893400,-2.3670049740561083,0,0
2018-04-24,285.0,287.089996,278.459991,283.459991,283.459991,5685300,0.03175918466595817,1,1
2018-04-25,283.5,285.160004,277.25,280.690002,280.690002,4013600,-0.9772063387951002,2,0
2018-04-26,278.75,285.790009,276.5,285.480011,285.480011,4356000,1.706512154287565,3,1
2018-04-27,285.369995,294.47000099999997,283.829987,294.079987,294.079987,4364600,3.012461702616376,4,1
2018-04-30,293.609985,298.730011,292.5,293.899994,293.899994,4228200,-0.06120545700378788,0,0
2018-05-01,293.51001,300.820007,293.22000099999997,299.920013,299.920013,4625600,2.048322260258373,1,1
2018-05-02,298.570007,306.850006,297.77999900000003,301.149994,301.149994,8970400,0.4101030096981262,2,1
2018-05-03,278.790009,288.040009,275.230011,284.450012,284.450012,17352100,-5.545403397882842,3,0
2018-05-04,283.0,296.859985,279.519989,294.089996,294.089996,8569400,3.388990540805459,4,1
2018-05-07,297.5,305.959991,295.170013,302.769989,302.769989,8678200,2.951475098799361,0,1
2018-05-08,300.799988,307.75,299.0,301.97000099999997,301.97000099999997,5930000,-0.26422301716305663,1,0
2018-05-09,300.410004,307.01001,300.049988,306.850006,306.850006,5727400,1.616056225399709,2,1
2018-05-10,307.5,312.98999,304.109985,305.019989,305.019989,5651600,-0.5963881258649883,3,0
2018-05-11,307.700012,308.880005,299.079987,301.059998,301.059998,4679600,-1.298272619110219,4,0
2018-05-14,303.320007,304.940002,291.619995,291.97000099999997,291.97000099999997,7286800,-3.0193307182577067,0,0
2018-05-15,285.01001,286.959991,280.5,284.179993,284.179993,9519200,-2.668085068095727,1,0
2018-05-16,283.829987,288.809998,281.559998,286.480011,286.480011,5674000,0.8093525429849535,2,1
2018-05-17,285.899994,289.190002,283.97000099999997,284.540009,284.540009,4420600,-0.6771858159416166,3,0
2018-05-18,284.649994,284.649994,274.0,276.820007,276.820007,7251900,-2.7131516678907563,4,0
2018-05-21,281.329987,291.48999,281.299988,284.48999,284.48999,9182600,2.770747347029734,0,1
2018-05-22,287.76001,288.0,273.420013,275.01001,275.01001,8945800,-3.332271901728412,1,0
2018-05-23,277.76001,279.910004,274.0,279.070007,279.070007,5953100,1.4763088078139308,2,1
2018-05-24,278.399994,281.109985,274.890015,277.850006,277.850006,4193000,-0.43716664972884844,3,0
2018-05-25,277.630005,279.640015,275.609985,278.850006,278.850006,3875100,0.3599064165577204,4,1
2018-05-29,278.51001,286.5,276.149994,283.76001,283.76001,5651100,1.7608046958406787,1,1
2018-05-30,283.290009,295.01001,281.600006,291.72000099999997,291.72000099999997,7489700,2.8051842118274273,2,1
2018-05-31,287.209991,290.369995,282.929993,284.730011,284.730011,5919700,-2.39612984232781,3,0
2018-06-01,285.859985,291.950012,283.839996,291.820007,291.820007,5411400,2.490076818772713,4,1
2018-06-04,294.339996,299.0,293.549988,296.73999,296.73999,4767300,1.685964937969442,0,1
2018-06-05,297.700012,297.799988,286.73999,291.130005,291.130005,5995200,-1.8905389192740762,1,0
2018-06-06,300.5,322.170013,297.480011,319.5,319.5,18767300,9.744785667145518,2,1
2018-06-07,316.149994,330.0,313.579987,316.089996,316.089996,14345300,-1.067293896713617,3,0
2018-06-08,319.0,324.480011,317.149994,317.660004,317.660004,8205200,0.49669651677304305,4,1
2018-06-11,322.51001,334.660004,322.5,332.100006,332.100006,13183500,4.54574130144505,0,1
2018-06-12,344.700012,354.97000099999997,338.0,342.769989,342.769989,22347400,3.212882507445669,1,1
2018-06-13,346.709991,347.200012,339.799988,344.77999900000003,344.77999900000003,9469800,0.5864019793168085,2,1
2018-06-14,347.630005,358.75,346.600006,357.72000099999997,357.72000099999997,10981000,3.753118521239962,3,1
2018-06-15,353.839996,364.670013,351.25,358.170013,358.170013,10848300,0.12580006673992283,4,1
2018-06-18,355.399994,373.730011,354.5,370.829987,370.829987,12073200,3.5346270040758743,0,1
2018-06-19,365.160004,370.0,346.25,352.549988,352.549988,12761900,-4.9294824153473975,1,0
2018-06-20,358.040009,364.380005,352.0,362.22000099999997,362.22000099999997,8383700,2.7428771320792134,2,1
2018-06-21,362.0,366.209991,346.269989,347.51001,347.51001,7967100,-4.061065363422589,3,0
2018-06-22,351.540009,352.25,332.0,333.630005,333.630005,10266100,-3.99413098920518,4,0
2018-06-25,330.119995,338.47000099999997,327.5,333.01001,333.01001,6931300,-0.18583310574837864,0,0
2018-06-26,336.049988,343.549988,325.799988,342.0,342.0,7452500,2.6996155460912385,1,1
2018-06-27,345.0,350.790009,339.5,344.5,344.5,8333700,0.7309941520467822,2,1
2018-06-28,348.660004,357.019989,346.109985,349.929993,349.929993,8398000,1.5761953555878172,3,1
2018-06-29,353.329987,353.859985,342.410004,342.950012,342.950012,6492400,-1.9946792614601638,4,0
2018-07-02,360.070007,364.77999900000003,329.850006,335.070007,335.070007,18759800,-2.2977124141345784,0,0
2018-07-03,331.75,332.48999,309.690002,310.859985,310.859985,12282600,-7.225362310629013,1,0
2018-07-05,313.76001,314.390015,296.22000099999997,309.160004,309.160004,17476400,-0.5468638879333354,3,0
2018-07-06,304.950012,312.070007,302.0,308.899994,308.899994,8865500,-0.0841020819756566,4,0
2018-07-09,311.98999,318.519989,308.0,318.51001,318.51001,7596800,3.111044411350816,0,1
2018-07-10,324.559998,327.679993,319.200012,322.47000099999997,322.47000099999997,9471500,1.2432862000161249,1,1
2018-07-11,315.799988,321.940002,315.070007,318.959991,318.959991,4884100,-1.088476444046016,2,0
2018-07-12,321.429993,323.230011,312.769989,316.709991,316.709991,5721200,-0.7054176271280355,3,0
2018-07-13,315.579987,319.579987,309.25,318.869995,318.869995,5869800,0.6820132175748173,4,1
2018-07-16,311.709991,315.160004,306.25,310.100006,310.100006,7818700,-2.7503337214277557,0,0
2018-07-17,308.809998,324.73999,308.5,322.690002,322.690002,6996200,4.059979282941373,1,1
2018-07-18,325.0,325.5,316.25,323.850006,323.850006,5624200,0.3594793742633495,2,1
2018-07-19,316.329987,323.540009,314.01001,320.230011,320.230011,5915300,-1.1177998866549355,3,0
2018-07-20,321.230011,323.23999,311.709991,313.579987,313.579987,5162200,-2.0766398437278233,4,0
2018-07-23,301.839996,305.5,292.859985,303.200012,303.200012,10992900,-3.3101522515210813,0,0
2018-07-24,304.420013,307.72000099999997,292.549988,297.429993,297.429993,9590800,-1.903040491964092,1,0
2018-07-25,296.73999,309.619995,294.5,308.73999,308.73999,7075400,3.8025744767441694,2,1
2018-07-26,304.850006,310.700012,303.640015,306.649994,306.649994,4630500,-0.6769437286047619,3,0
2018-07-27,307.25,307.690002,295.339996,297.179993,297.179993,5703300,-3.088211702361865,4,0
2018-07-30,295.899994,296.100006,286.130005,290.170013,290.170013,6814100,-2.3588330860483064,0,0
2018-07-31,292.25,298.320007,289.070007,298.140015,298.140015,5076900,2.746666313862023,1,1
2018-08-01,297.98999,303.0,293.0,300.839996,300.839996,10129400,0.9056083934254833,2,1
2018-08-02,328.440002,349.98999,323.160004,349.540009,349.540009,23215000,16.188011450445572,3,1
2018-08-03,347.809998,355.0,342.52999900000003,348.170013,348.170013,13656500,-0.39194254297796327,4,0
2018-08-06,345.459991,354.980011,341.820007,341.98999,341.98999,8564300,-1.7750015134129327,0,0
2018-08-07,343.839996,387.459991,339.149994,379.570007,379.570007,30875800,10.988630690623435,1,1
2018-08-08,369.089996,382.640015,367.119995,370.339996,370.339996,24571200,-2.4317018810182223,2,0
2018-08-09,365.549988,367.01001,345.730011,352.450012,352.450012,17103700,-4.830691848903079,3,0
2018-08-10,354.0,360.0,346.0,355.48999,355.48999,11552000,0.8625274213354128,4,1
2018-08-13,361.130005,363.190002,349.019989,356.410004,356.410004,10450200,0.2588016613351174,0,1
2018-08-14,358.450012,359.200012,347.100006,347.640015,347.640015,6986400,-2.460646138316591,1,0
2018-08-15,341.910004,344.48999,332.140015,338.690002,338.690002,9101300,-2.5745059871775777,2,0
2018-08-16,339.910004,342.27999900000003,333.820007,335.450012,335.450012,6064000,-0.956624045843546,3,0
2018-08-17,323.5,326.769989,303.52999900000003,305.5,305.5,18958600,-8.928308519482187,4,0
2018-08-20,291.700012,308.5,288.200012,308.440002,308.440002,17402300,0.9623574468085039,0,1
2018-08-21,310.609985,324.790009,309.0,321.899994,321.899994,13172200,4.363893111374062,1,1
2018-08-22,320.869995,323.880005,314.670013,321.640015,321.640015,5946000,-0.08076390333824346,2,0
2018-08-23,319.140015,327.320007,318.100006,320.100006,320.100006,5147300,-0.47879894546081214,3,0
2018-08-24,320.700012,323.850006,319.399994,322.820007,322.820007,3602600,0.849734754456688,4,1
2018-08-27,318.0,322.440002,308.809998,319.269989,319.269989,13079300,-1.0996895864635703,0,0
2018-08-28,318.410004,318.880005,311.190002,311.859985,311.859985,7649100,-2.320920930654713,1,0
2018-08-29,310.269989,311.850006,303.690002,305.01001,305.01001,7447400,-2.1964905180124283,2,0
2018-08-30,302.26001,304.600006,297.72000099999997,303.149994,303.149994,7216700,-0.6098212973403849,3,0
2018-08-31,302.0,305.309998,298.600006,301.660004,301.660004,5375100,-0.49150256621808275,4,0
2018-09-04,296.940002,298.190002,288.0,288.950012,288.950012,8350500,-4.213350073415767,1,0
2018-09-05,285.049988,286.77999900000003,277.179993,280.73999,280.73999,7720800,-2.841329523807057,2,0
2018-09-06,284.799988,291.170013,278.880005,280.950012,280.950012,7480800,0.07481014728256685,3,1
2018-09-07,260.100006,268.350006,252.25,263.23999,263.23999,22491900,-6.3036203038140615,4,0
2018-09-10,273.26001,286.02999900000003,271.0,285.5,285.5,14283500,8.456165797605465,0,1
2018-09-11,279.47000099999997,282.0,273.549988,279.440002,279.440002,9170000,-2.122591243432581,1,0
2018-09-12,281.440002,292.5,278.649994,290.540009,290.540009,10015400,3.9722326512150463,2,1
2018-09-13,288.019989,295.0,285.179993,289.459991,289.459991,6340300,-0.37172780565308816,3,0
2018-09-14,288.76001,297.329987,286.519989,295.200012,295.200012,6765600,1.983010149406117,4,1
2018-09-17,290.040009,300.869995,288.130005,294.839996,294.839996,6887600,-0.12195663460882189,0,0
2018-09-18,296.690002,302.640015,275.5,284.959991,284.959991,16547500,-3.3509717589332744,1,0
2018-09-19,280.51001,300.0,280.5,299.019989,299.019989,8294900,4.93402528216671,2,1
2018-09-20,303.559998,305.980011,293.329987,298.329987,298.329987,7349400,-0.23075447307303598,3,0
2018-09-21,297.700012,300.579987,295.369995,299.100006,299.100006,5050500,0.25810982253018366,4,1
2018-09-24,298.480011,303.0,293.579987,299.679993,299.679993,4843000,0.19391072830670097,0,1
2018-09-25,300.0,304.600006,296.5,300.98999,300.98999,4481700,0.4371319509474114,1,1
2018-09-26,301.910004,313.890015,301.109985,309.579987,309.579987,7843200,2.8539145105789254,2,1
2018-09-27,312.899994,314.959991,306.910004,307.519989,307.519989,8509100,-0.6654170445455798,3,0
2018-09-28,270.26001,278.0,260.559998,264.769989,264.769989,33649700,-13.901535356779682,4,0
2018-10-01,305.769989,311.440002,301.049988,310.700012,310.700012,21777600,17.347140880079117,0,1
2018-10-02,313.950012,316.839996,299.149994,301.019989,301.019989,11743500,-3.1155528246326614,1,0
2018-10-03,303.329987,304.600006,291.570007,294.799988,294.799988,7995000,-2.066308294230923,2,0
2018-10-04,293.950012,294.0,277.670013,281.829987,281.829987,9814200,-4.399593462670004,3,0
2018-10-05,274.649994,274.880005,260.0,261.950012,261.950012,17944500,-7.053889194551887,4,0
2018-10-08,264.519989,267.76001,249.0,250.559998,250.559998,13472700,-4.3481631907693945,0,0
2018-10-09,255.25,266.769989,253.30000299999998,262.799988,262.799988,12060600,4.885053519197413,1,1
2018-10-10,264.609985,265.51001,247.770004,256.880005,256.880005,12815300,-2.2526572565901293,2,0
2018-10-11,257.52999900000003,262.25,249.02999900000003,252.229996,252.229996,8167700,-1.8101872117294526,3,0
2018-10-12,261.0,261.98999,252.00999500000003,258.77999900000003,258.77999900000003,7201400,2.5968374514821813,4,1
2018-10-15,259.059998,263.27999900000003,254.539993,259.589996,259.589996,6200000,0.3130060294961101,0,1
2018-10-16,265.700012,277.380005,262.23999,276.589996,276.589996,9526400,6.548788575041997,1,1
2018-10-17,282.399994,282.700012,265.799988,271.77999900000003,271.77999900000003,8655500,-1.7390350589541748,2,0
2018-10-18,269.290009,271.0,263.0,263.910004,263.910004,5421200,-2.8957226539691128,3,0
2018-10-19,267.390015,269.660004,253.5,260.0,260.0,9375500,-1.4815671784840778,4,0
2018-10-22,260.679993,261.859985,252.58999599999999,260.950012,260.950012,5600300,0.3653892307692308,0,1
2018-10-23,263.869995,297.929993,262.100006,294.140015,294.140015,19027800,12.718912233657997,1,1
2018-10-24,301.049988,304.440002,285.730011,288.5,288.5,20058300,-1.917459275304656,2,0
2018-10-25,317.22000099999997,321.0,301.01001,314.859985,314.859985,20840700,9.13690987868283,3,1
2018-10-26,308.25,339.899994,306.649994,330.899994,330.899994,27425500,5.094330738788533,4,1
2018-10-29,337.47000099999997,347.160004,326.5,334.850006,334.850006,14486000,1.1937177611432759,0,1
2018-10-30,328.390015,337.899994,322.26001,329.899994,329.899994,9126700,-1.4782774111701813,1,0
2018-10-31,332.540009,342.0,329.100006,337.320007,337.320007,7624300,2.249170395559319,2,1
2018-11-01,338.26001,347.839996,334.730011,344.27999900000003,344.27999900000003,8000100,2.0633202465218936,3,1
2018-11-02,343.73999,349.200012,340.910004,346.410004,346.410004,7808000,0.6186839218620843,4,1
2018-11-05,340.5,343.959991,330.140015,341.399994,341.399994,7831000,-1.4462659686929946,0,0
2018-11-06,339.070007,348.799988,336.089996,341.059998,341.059998,6762900,-0.09958875394707745,1,0
2018-11-07,343.339996,351.179993,340.799988,348.160004,348.160004,7374500,2.0817469189101434,2,1
2018-11-08,348.5,357.579987,348.440002,351.399994,351.399994,7090700,0.9306037347127205,3,1
2018-11-09,349.0,354.0,345.230011,350.51001,350.51001,5098800,-0.25326807489927106,4,0
2018-11-12,348.369995,349.77999900000003,330.339996,331.27999900000003,331.27999900000003,6941500,-5.486294385715262,0,0
2018-11-13,333.160004,344.700012,332.200012,338.730011,338.730011,5448600,2.2488565631757274,1,1
2018-11-14,342.700012,347.109985,337.149994,344.0,344.0,5040300,1.5558081152720726,2,1
2018-11-15,342.329987,348.579987,339.040009,348.440002,348.440002,4625700,1.2906982558139601,3,1
2018-11-16,345.190002,355.700012,345.119995,354.309998,354.309998,7206200,1.684650432300261,4,1
2018-11-19,356.339996,366.75,352.880005,353.47000099999997,353.47000099999997,9708900,-0.23707967732822244,0,0
2018-11-20,341.75,349.799988,333.549988,347.48999,347.48999,8004700,-1.691801562532036,1,0
2018-11-21,352.0,353.100006,337.399994,338.190002,338.190002,4686800,-2.6763326333515303,2,0
2018-11-23,334.350006,337.5,325.549988,325.829987,325.829987,4202600,-3.6547547020624127,4,0
2018-11-26,325.0,346.22000099999997,325.0,346.0,346.0,7992100,6.190348895051212,0,1
2018-11-27,340.049988,346.959991,335.5,343.920013,343.920013,6358300,-0.6011523121387308,1,0
2018-11-28,345.98999,348.27999900000003,342.209991,347.869995,347.869995,4127600,1.1485176351165194,2,1
2018-11-29,347.0,347.5,339.549988,341.170013,341.170013,3080700,-1.9260016949722902,3,0
2018-11-30,341.829987,351.600006,338.26001,350.480011,350.480011,5629100,2.728844167204114,4,1
2018-12-03,360.0,366.0,352.0,358.48999,358.48999,8306500,2.2854310513018117,0,1
2018-12-04,356.049988,368.679993,352.0,359.700012,359.700012,8461900,0.3375329949938166,1,1
2018-12-06,356.01001,367.380005,350.76001,363.059998,363.059998,7842500,0.9341078365046052,3,1
2018-12-07,369.0,379.48999,357.649994,357.97000099999997,357.97000099999997,11495000,-1.4019713072328188,4,0
