,open,close,high,low,volume,money
2015-01-05,3566.089,3641.541,3669.042,3551.51,45119809800.0,519849817448.0
2015-01-06,3608.428,3641.059,3683.226,3587.231,42096218500.0,498529588258.0
2015-01-07,3620.924,3643.79,3671.19,3601.698,32019123200.0,398731720502.0
2015-01-08,3650.073,3559.259,3659.945,3552.1,29500304500.0,355831967325.0
2015-01-09,3547.574,3546.723,3689.753,3536.395,34998267200.0,430210592272.0
2015-01-12,3531.515,3513.576,3560.527,3461.322,26656717500.0,334257133083.0
2015-01-13,3506.451,3514.04,3550.158,3494.768,18715396500.0,250796676069.0
2015-01-14,3522.907,3502.423,3547.242,3471.56,19601251000.0,241285837533.0
2015-01-15,3501.719,3604.121,3604.121,3482.27,23781233800.0,303445351108.0
2015-01-16,3616.248,3635.146,3662.158,3601.258,28268161400.0,355568710742.0
2015-01-19,3414.013,3355.155,3497.252,3330.981,32950527500.0,366017532103.0
2015-01-20,3336.793,3396.222,3419.204,3325.681,29784323200.0,381917903845.0
2015-01-21,3420.491,3548.885,3557.794,3409.43,33792821000.0,425433704264.0
2015-01-22,3551.052,3567.613,3576.756,3520.053,26885359900.0,345026040998.0
2015-01-23,3582.088,3571.732,3627.806,3548.626,28017217200.0,361835546416.0
2015-01-26,3580.118,3607.985,3611.617,3559.376,23976620300.0,309585710088.0
2015-01-27,3614.038,3574.931,3616.258,3510.017,28766917900.0,357548249621.0
2015-01-28,3547.239,3525.323,3583.312,3512.393,21622021400.0,278749164896.0
2015-01-29,3474.915,3481.798,3505.582,3453.901,21161886000.0,251897926442.0
2015-01-30,3496.885,3434.39,3514.217,3431.936,19647915700.0,237420793858.0
2015-02-02,3360.193,3353.96,3407.256,3347.085,19518369900.0,224837769887.0
2015-02-03,3388.602,3437.445,3441.709,3360.717,19284609600.0,241100023193.0
2015-02-04,3446.144,3401.768,3476.817,3399.565,19130434900.0,244034297155.0
2015-02-05,3487.951,3366.946,3487.951,3366.862,25043060900.0,311523669172.0
2015-02-06,3352.33,3312.42,3374.051,3285.935,19266418600.0,221433183351.0
2015-02-09,3305.734,3345.921,3376.526,3298.597,17235382000.0,220766525021.0
2015-02-10,3345.077,3406.943,3407.18,3339.548,15930908800.0,199120680699.0
2015-02-11,3415.977,3434.124,3445.655,3412.136,14461377200.0,185979219656.0
2015-02-12,3435.361,3442.874,3453.582,3405.627,15608169100.0,191285873488.0
2015-02-13,3458.827,3469.828,3509.505,3452.079,20108997100.0,247076153339.0
2015-02-16,3473.289,3499.483,3504.475,3466.607,16564134300.0,222799721247.0
2015-02-17,3511.544,3522.322,3536.82,3511.093,16532831300.0,214457267905.0
2015-02-25,3529.55,3478.729,3529.55,3463.955,16553935100.0,211739059322.0
2015-02-26,3473.713,3566.295,3569.33,3456.871,22932843800.0,279809075234.0
2015-02-27,3565.233,3572.843,3594.813,3560.455,22278643800.0,271861944608.0
2015-03-02,3603.452,3601.265,3608.691,3566.527,24817612500.0,325164897145.0
2015-03-03,3579.315,3507.9,3579.315,3504.201,26186648900.0,335700118167.0
2015-03-04,3514.667,3530.822,3540.912,3497.172,19966398100.0,257468790961.0
2015-03-05,3513.249,3496.344,3517.083,3467.676,21750880500.0,279030592350.0
2015-03-06,3501.184,3478.52,3516.243,3472.392,18151805400.0,233468244766.0
2015-03-09,3449.696,3537.75,3546.705,3417.486,23394041100.0,277860471571.0
2015-03-10,3523.64,3520.611,3551.205,3511.985,19426765700.0,245366625918.0
2015-03-11,3524.575,3524.653,3568.916,3512.218,18894782500.0,235772755479.0
2015-03-12,3557.686,3592.844,3603.341,3536.534,26566462500.0,322141249344.0
2015-03-13,3604.671,3617.657,3641.392,3594.742,24686476800.0,297298516465.0
2015-03-16,3641.773,3705.671,3705.739,3621.119,27543830700.0,358497570207.0
2015-03-17,3733.961,3757.122,3762.575,3716.809,37162566600.0,455003825887.0
2015-03-18,3769.086,3846.055,3846.055,3763.848,41519001100.0,484465529242.0
2015-03-19,3851.249,3839.739,3859.126,3809.706,39154763000.0,463212821639.0
2015-03-20,3852.492,3892.574,3916.863,3832.416,40181755200.0,544468374302.0
2015-03-23,3923.083,3972.061,3972.296,3922.21,39111992200.0,519760220709.0
2015-03-24,3980.066,3973.046,3989.858,3883.782,46858131200.0,591066800604.0
2015-03-25,3961.578,3940.412,3980.716,3913.988,37996885100.0,501733891680.0
2015-03-26,3921.745,3949.999,3991.997,3892.878,34675631500.0,468538490771.0
2015-03-27,3957.542,3971.697,3993.032,3932.87,29875606400.0,393132347578.0
2015-03-30,3999.024,4088.178,4101.651,3999.024,42829702000.0,546211078887.0
2015-03-31,4138.885,4051.204,4166.018,4037.771,43606563500.0,598121732643.0
2015-04-01,4057.501,4123.895,4139.499,4046.939,32951285300.0,466596904663.0
2015-04-02,4149.946,4124.776,4156.842,4068.649,33907048700.0,476617837707.0
2015-04-03,4104.672,4170.538,4170.558,4092.383,32130376600.0,466965600575.0
2015-04-07,4213.894,4260.044,4260.471,4197.019,41536265400.0,564646323685.0
2015-04-08,4277.45,4295.803,4304.78,4204.826,45867671500.0,658308062760.0
2015-04-09,4316.958,4262.138,4332.166,4212.611,43969990200.0,650419151486.0
2015-04-10,4249.383,4344.416,4351.687,4231.196,34819017000.0,509354291196.0
2015-04-13,4394.047,4421.073,4432.024,4361.589,43415303600.0,598518139930.0
2015-04-14,4432.126,4438.184,4474.353,4385.908,43443212600.0,602127441917.0
2015-04-15,4439.314,4380.513,4475.997,4379.609,47215413100.0,596822875636.0
2015-04-16,4355.491,4513.546,4513.765,4335.63,42260374800.0,564722844124.0
2015-04-17,4578.679,4596.136,4630.27,4553.904,55280266300.0,733953610122.0
2015-04-20,4615.034,4521.919,4671.168,4492.6,68643907500.0,939264904128.0
2015-04-21,4520.461,4619.164,4620.058,4504.558,49031499100.0,685365027867.0
2015-04-22,4637.055,4739.814,4740.933,4632.589,51621379200.0,769924803864.0
2015-04-23,4764.481,4740.892,4782.044,4693.967,49743095400.0,752258236225.0
2015-04-24,4682.626,4702.641,4730.43,4618.318,48015293600.0,721273097490.0
2015-04-27,4753.871,4807.592,4810.485,4735.31,51307654800.0,765910402328.0
2015-04-28,4811.319,4741.861,4839.078,4703.567,60863854500.0,860349875255.0
2015-04-29,4722.903,4774.326,4797.927,4695.793,39505698000.0,601676350605.0
2015-04-30,4788.412,4749.886,4818.725,4749.485,39972744400.0,612511415165.0
2015-05-04,4757.637,4787.741,4795.915,4699.398,37784385300.0,565453373624.0
2015-05-05,4785.192,4596.837,4785.192,4572.983,46041962600.0,660020218474.0
2015-05-06,4626.231,4553.327,4700.909,4511.761,37607370200.0,586033987365.0
2015-05-07,4520.818,4470.089,4546.338,4467.459,29775920300.0,427189953161.0
2015-05-08,4515.554,4558.404,4559.058,4445.592,30240796700.0,452090694881.0
2015-05-11,4582.091,4690.532,4690.954,4535.149,37383842000.0,583260408778.0
2015-05-12,4692.122,4747.421,4748.004,4660.016,37705389100.0,607123299939.0
2015-05-13,4746.713,4718.436,4758.002,4678.845,37073042400.0,590479847838.0
2015-05-14,4717.955,4700.778,4735.284,4670.168,33772515200.0,513219655550.0
2015-05-15,4690.755,4617.47,4690.755,4592.05,32843116600.0,506695010176.0
2015-05-18,4582.058,4575.14,4623.383,4565.061,26918048900.0,434083129375.0
2015-05-19,4577.637,4731.222,4740.005,4577.637,31478595200.0,524232160128.0
2015-05-20,4751.572,4754.919,4843.1,4745.21,36318074800.0,589956272979.0
2015-05-21,4768.689,4840.976,4841.615,4746.029,30505453700.0,505346105539.0
2015-05-22,4895.925,4951.335,4951.991,4870.598,45584671800.0,719129953200.0
2015-05-25,4949.11,5099.495,5099.839,4949.11,46573659000.0,757085825931.0
2015-05-26,5140.798,5198.918,5199.295,5063.146,48794935900.0,802295843467.0
2015-05-27,5216.17,5181.434,5226.844,5126.861,47079873000.0,777826309129.0
2015-05-28,5174.101,4834.007,5213.183,4831.329,57182904700.0,873207363731.0
2015-05-29,4839.53,4840.829,4924.303,4665.521,42787885900.0,636008152610.0
2015-06-01,4862.756,5076.179,5079.319,4835.774,41750374100.0,637843681462.0
2015-06-02,5091.272,5161.87,5162.556,5047.081,41297319600.0,658452859697.0
2015-06-03,5176.597,5143.59,5186.967,5059.495,41425827000.0,672056532157.0
2015-06-04,5156.012,5181.416,5194.233,4863.465,48276726800.0,735170669363.0
2015-06-05,5254.905,5230.552,5288.34,5104.178,54596119600.0,855224403052.0
2015-06-08,5259.408,5353.751,5370.609,5202.595,63731323700.0,949498013951.0
2015-06-09,5379.47,5317.461,5380.426,5251.208,57042726300.0,871431819564.0
2015-06-10,5254.304,5309.112,5374.83,5209.68,44216567600.0,711509256785.0
2015-06-11,5305.141,5306.59,5329.295,5248.163,39233875500.0,660584867997.0
2015-06-12,5329.278,5335.115,5351.648,5283.086,43013138600.0,694213173337.0
2015-06-15,5354.014,5221.167,5362.452,5207.308,47574570300.0,766237730233.0
2015-06-16,5165.025,5064.821,5204.303,5015.265,41167563800.0,651522532247.0
2015-06-17,5072.306,5138.831,5158.367,4949.293,39712418700.0,589868366440.0
2015-06-18,5107.695,4930.549,5121.218,4926.429,36439581400.0,555646755662.0
2015-06-19,4847.057,4637.052,4910.45,4634.691,35810474400.0,519609575034.0
2015-06-23,4641.425,4786.091,4786.955,4455.33,36508794400.0,536984113004.0
2015-06-24,4811.595,4880.126,4883.732,4744.306,43463872300.0,615374085939.0
2015-06-25,4906.242,4706.516,4919.263,4667.224,44613598200.0,640246401379.0
2015-06-26,4573.872,4336.195,4650.186,4278.675,44663979000.0,612959478689.0
2015-06-29,4446.842,4191.549,4451.166,4000.926,52566248200.0,704014548847.0
2015-06-30,4161.067,4472.998,4475.767,4016.013,52704528000.0,716045824698.0
2015-07-01,4408.984,4253.021,4526.127,4235.696,43172141100.0,623330596858.0
2015-07-02,4287.734,4107.996,4312.19,4000.061,45706219400.0,593506685518.0
2015-07-03,4017.202,3885.917,4164.629,3785.902,42930085000.0,538216869728.0
2015-07-06,4218.266,3998.537,4218.266,3832.468,64809453000.0,779558044352.0
2015-07-07,3877.854,3928.003,3960.636,3743.624,67938500700.0,795962644454.0
2015-07-08,3651.06,3663.038,3762.622,3612.254,58146709700.0,640122398881.0
2015-07-09,3621.68,3897.626,3930.264,3537.826,50387061000.0,564744043358.0
2015-07-10,3916.272,4106.556,4179.111,3887.551,50070180200.0,629079512954.0
2015-07-13,4132.231,4211.812,4278.161,4072.43,50209218600.0,659251724205.0
2015-07-14,4178.63,4112.149,4258.513,4062.5,45442200900.0,597521262486.0
2015-07-15,4068.88,3966.759,4114.243,3899.508,42195636700.0,514064532339.0
2015-07-16,3949.639,3997.356,4067.022,3856.321,33053134500.0,410050894560.0
2015-07-17,4023.757,4151.496,4190.186,4000.231,33110713100.0,435597103716.0
2015-07-20,4157.06,4160.612,4221.693,4106.389,35267347200.0,483493894661.0
2015-07-21,4109.761,4166.006,4201.482,4081.704,31837494500.0,431695843789.0
2015-07-22,4148.56,4157.16,4187.431,4094.712,31894599700.0,441832505196.0
2015-07-23,4158.932,4250.805,4262.062,4148.824,35447175900.0,483972220006.0
2015-07-24,4255.198,4176.279,4299.65,4154.617,39204537300.0,535901647230.0
2015-07-27,4097.796,3818.731,4156.313,3817.169,36505451100.0,477952010794.0
2015-07-28,3690.974,3811.093,3883.446,3627.421,38352721600.0,482654543336.0
2015-07-29,3839.959,3930.379,3934.003,3769.189,27697284500.0,372287868068.0
2015-07-30,3915.78,3815.412,3968.534,3802.882,27154866500.0,376351170573.0
2015-07-31,3777.155,3816.699,3863.624,3757.989,22237676700.0,299312543754.0
2015-08-03,3766.072,3829.235,3829.235,3742.578,24580503000.0,309631297700.0
2015-08-04,3827.373,3948.155,3948.449,3801.028,22023655600.0,288756503266.0
2015-08-05,3937.623,3866.9,3962.277,3858.66,20048426900.0,272693513971.0
2015-08-06,3802.928,3831.852,3888.693,3793.237,14727869400.0,195532363765.0
2015-08-07,3866.43,3906.945,3926.649,3857.908,18334915300.0,246546119056.0
2015-08-10,3947.472,4084.365,4101.731,3932.842,30678054000.0,401702020648.0
2015-08-11,4083.589,4066.669,4110.133,4042.004,32203419100.0,416996541243.0
2015-08-12,4025.674,4016.126,4078.03,4015.355,25514619600.0,339799364935.0
2015-08-13,4010.013,4075.463,4075.7,3967.821,24283697900.0,319887602964.0
2015-08-14,4097.918,4073.54,4113.159,4056.727,25339299600.0,340076813259.0
2015-08-17,4058.113,4077.872,4081.772,4009.99,25693963800.0,336830563044.0
2015-08-18,4084.311,3825.412,4103.054,3816.554,31988107000.0,424924184411.0
2015-08-19,3748.266,3886.136,3898.74,3668.192,26904983900.0,340923470856.0
2015-08-20,3848.403,3761.454,3880.824,3761.454,21216796500.0,270576698834.0
2015-08-21,3714.289,3589.536,3757.779,3578.175,21798640300.0,267498426435.0
2015-08-24,3454.598,3275.534,3468.149,3266.55,25543665200.0,273124228208.0
2015-08-25,3070.007,3042.927,3200.108,3019.556,27608130600.0,281160333742.0
2015-08-26,3062.566,3025.692,3192.932,2952.008,30827062300.0,312188248685.0
2015-08-27,3092.812,3205.638,3206.724,3028.398,26729493000.0,278769983405.0
2015-08-28,3246.236,3342.286,3353.244,3223.622,29949842600.0,318763482694.0
2015-08-31,3307.396,3366.536,3368.279,3205.537,28025040300.0,306610891136.0
2015-09-01,3296.529,3362.083,3370.504,3190.578,35245852800.0,351387828324.0
2015-09-02,3220.851,3365.832,3387.02,3213.637,34778941200.0,348986389305.0
2015-09-07,3347.293,3250.485,3422.225,3240.243,20422443100.0,221756790269.0
2015-09-08,3221.789,3334.023,3340.219,3170.807,15459963100.0,168294750030.0
2015-09-09,3344.824,3399.305,3426.651,3330.29,22046742100.0,258815794996.0
2015-09-10,3349.281,3357.561,3398.316,3337.311,14488297100.0,168108269695.0
2015-09-11,3349.877,3347.188,3383.134,3315.478,10854750800.0,130262410873.0
2015-09-14,3367.642,3281.132,3373.921,3187.566,20545725100.0,226168550065.0
2015-09-15,3208.744,3152.232,3240.079,3131.98,14355564100.0,145989213753.0
2015-09-16,3149.158,3309.248,3345.918,3131.37,15970999400.0,168269840344.0
2015-09-17,3287.657,3236.999,3354.905,3236.999,16940188100.0,190270181393.0
2015-09-18,3254.443,3251.273,3280.877,3227.834,10690348100.0,121752531747.0
2015-09-21,3222.603,3308.247,3312.55,3211.934,12278866800.0,145323018237.0
2015-09-22,3312.366,3339.03,3371.414,3303.184,14622198500.0,172492862561.0
2015-09-23,3290.071,3263.028,3315.935,3253.333,12317143900.0,136885975737.0
2015-09-24,3278.896,3284.999,3300.857,3255.902,10201123800.0,120820642496.0
2015-09-25,3272.665,3231.951,3290.858,3201.914,12141927800.0,137602168790.0
2015-09-28,3226.607,3242.752,3246.554,3186.507,7421946800.0,88007466971.0
2015-09-29,3197.221,3178.854,3208.417,3159.042,8715063300.0,96691510035.0
2015-09-30,3195.901,3202.948,3223.908,3186.767,7855934900.0,95881598729.0
2015-10-08,3324.981,3296.482,3337.331,3294.605,13208176800.0,164120601354.0
2015-10-09,3302.36,3340.116,3352.379,3293.965,12435250000.0,144731343186.0
2015-10-12,3351.139,3447.693,3486.631,3347.251,22140046800.0,263706468495.0
2015-10-13,3422.477,3445.043,3452.045,3413.967,14543378600.0,174978937957.0
2015-10-14,3431.135,3406.112,3458.702,3403.231,15217393800.0,174599255680.0
2015-10-15,3403.389,3486.815,3486.815,3402.316,17115829900.0,201881880361.0
2015-10-16,3508.518,3534.065,3537.539,3487.104,20896470900.0,252211491386.0
2015-10-19,3548.953,3534.182,3572.995,3502.505,20760674400.0,254890985147.0
2015-10-20,3527.875,3577.703,3577.798,3510.437,17902510800.0,226525577194.0
2015-10-21,3580.838,3473.254,3601.243,3417.412,28207605000.0,326886985805.0
2015-10-22,3453.201,3524.534,3530.766,3442.307,18430558000.0,223583606540.0
2015-10-23,3536.843,3571.241,3581.836,3515.822,19829447800.0,247059685203.0
2015-10-26,3614.702,3589.261,3620.756,3561.192,20424886300.0,270489759134.0
2015-10-27,3569.449,3592.879,3601.053,3486.102,19205614000.0,239042538536.0
2015-10-28,3575.805,3524.92,3598.172,3517.21,17097709800.0,213303023833.0
2015-10-29,3539.978,3533.307,3561.814,3507.966,12701044600.0,161051885808.0
2015-10-30,3530.223,3534.079,3574.473,3497.568,13914191400.0,183317149529.0
2015-11-02,3489.225,3475.962,3543.45,3474.712,13000256800.0,167455101934.0
2015-11-03,3484.722,3465.493,3501.704,3452.62,10140187600.0,132231502584.0
2015-11-04,3477.159,3628.538,3628.538,3477.159,20542386500.0,266955889953.0
2015-11-05,3630.782,3705.97,3781.409,3627.301,39804656800.0,495138171518.0
2015-11-06,3698.342,3793.374,3801.705,3694.657,29875307600.0,389779446699.0
2015-11-09,3796.379,3840.355,3891.773,3796.379,35680482300.0,463161707601.0
2015-11-10,3806.669,3833.238,3876.49,3798.821,28651960300.0,380910629424.0
2015-11-11,3828.448,3833.646,3843.112,3781.41,23223429600.0,307008336072.0
2015-11-12,3841.738,3795.324,3843.9,3771.274,21753764700.0,302446791881.0
2015-11-13,3756.204,3746.242,3793.713,3727.585,20348989100.0,281961129453.0
2015-11-16,3682.735,3764.126,3764.409,3680.073,16169090100.0,227483711616.0
2015-11-17,3790.426,3758.387,3852.774,3750.157,24853307100.0,365138598381.0
2015-11-18,3760.456,3715.58,3771.847,3706.31,18568949500.0,254137953313.0
2015-11-19,3725.622,3774.969,3775.232,3714.675,15463198900.0,204557606993.0
2015-11-20,3778.884,3774.383,3793.545,3757.026,18695168900.0,242295089781.0
2015-11-23,3774.436,3753.335,3802.851,3743.405,17562681200.0,234640979610.0
2015-11-24,3745.761,3753.889,3754.169,3702.737,14338328300.0,192495095083.0
2015-11-25,3747.759,3781.607,3781.857,3735.716,15194494100.0,215125047954.0
2015-11-26,3795.245,3759.429,3805.844,3756.823,17352546800.0,239797205559.0
2015-11-27,3739.096,3556.992,3742.742,3534.39,20893935800.0,269758168475.0
2015-11-30,3554.89,3566.412,3587.97,3455.068,17320116300.0,220098287801.0
2015-12-01,3562.319,3591.696,3617.305,3536.116,13653655400.0,176598805608.0
2015-12-02,3587.758,3721.955,3725.854,3573.403,21353886500.0,260938692616.0
2015-12-03,3709.547,3749.299,3758.446,3693.137,19776212600.0,236698987440.0
2015-12-04,3719.734,3677.592,3726.124,3667.291,15119952200.0,196455597757.0
2015-12-07,3681.582,3687.607,3699.337,3658.578,11388315000.0,161220059836.0
2015-12-08,3668.839,3623.02,3668.839,3619.445,12578108300.0,163317229186.0
2015-12-09,3613.42,3635.938,3655.159,3611.49,11332542200.0,154319992100.0
2015-12-10,3634.366,3623.084,3678.318,3615.991,12021562500.0,168622188283.0
2015-12-11,3605.372,3608.059,3630.744,3578.146,11032248100.0,145248640244.0
2015-12-14,3573.884,3711.322,3712.503,3570.998,15176911900.0,203291513291.0
2015-12-15,3707.73,3694.389,3717.357,3679.23,12648171000.0,186795461663.0
2015-12-16,3703.95,3685.44,3713.09,3677.45,11134272300.0,160118243242.0
2015-12-17,3712.783,3755.888,3768.844,3709.851,17792407500.0,242543823434.0
2015-12-18,3754.96,3767.913,3810.218,3750.925,17346598000.0,232281458171.0
2015-12-21,3762.097,3865.965,3877.82,3759.989,21743527500.0,289905289214.0
2015-12-22,3872.098,3876.733,3880.468,3841.593,18030366100.0,243797366698.0
2015-12-23,3877.872,3866.381,3926.686,3862.965,20701714700.0,294710770246.0
2015-12-24,3858.135,3829.402,3867.679,3787.084,14718139700.0,203683543579.0
2015-12-25,3832.085,3838.201,3848.025,3813.204,11962401300.0,163314511431.0
2015-12-28,3847.532,3727.632,3853.389,3727.632,15398844000.0,210026020459.0
2015-12-29,3723.05,3761.875,3762.052,3710.48,10188555500.0,140405054699.0
2015-12-30,3762.914,3765.175,3765.657,3726.278,10562995500.0,155744099319.0
2015-12-31,3760.904,3731.005,3772.617,3727.325,10187355600.0,145043696235.0
2016-01-04,3725.856,3469.066,3726.245,3468.949,11537067400.0,145968206095.0
2016-01-05,3382.177,3478.78,3518.217,3377.28,16211698400.0,196017085879.0
2016-01-06,3482.406,3539.808,3543.739,3468.467,14596614400.0,160947198402.0
2016-01-07,3481.15,3294.384,3481.15,3284.737,4410264100.0,47130795628.0
2016-01-08,3371.871,3361.563,3418.851,3237.931,18595945100.0,203498868289.0
2016-01-11,3303.125,3192.45,3342.481,3192.45,17463838700.0,184464050180.0
2016-01-12,3214.823,3215.71,3242.253,3174.55,12822579600.0,142048909710.0
2016-01-13,3240.484,3155.879,3257.295,3155.879,12066649400.0,130886082444.0
2016-01-14,3076.645,3221.571,3226.658,3072.039,13453767100.0,144771580596.0
2016-01-15,3200.888,3118.73,3216.798,3101.052,12460177900.0,131882737252.0
2016-01-18,3068.2348,3130.7289,3165.6164,3066.727,10112838600.0,109458287764.0
2016-01-19,3132.7047,3223.1251,3227.908,3119.2163,12765389300.0,142907686296.0
2016-01-20,3204.2183,3174.3781,3225.9496,3154.4259,13065050400.0,143313337192.0
2016-01-21,3136.3841,3081.3454,3202.5381,3081.3454,11118973300.0,121856195433.0
2016-01-22,3114.895,3113.4626,3132.1708,3053.9581,8995108700.0,96885673842.0
2016-01-25,3129.0279,3128.886,3149.3322,3105.1004,8154006100.0,85777891364.0
2016-01-26,3099.5957,2940.5085,3106.5302,2934.6469,12693392100.0,127250652518.0
2016-01-27,2953.183,2930.352,2963.544,2839.29,13222936600.0,126997670778.0
2016-01-28,2909.3341,2853.7562,2941.8866,2841.8442,9922275600.0,95663874927.0
2016-01-29,2855.5983,2946.0902,2965.3093,2854.3712,11330425900.0,109462356680.0
2016-02-01,2939.0401,2901.0477,2944.5172,2869.5614,8679534200.0,82931453498.0
2016-02-02,2901.5284,2961.3337,2972.4258,2901.5119,8860196300.0,88740230428.0
2016-02-03,2931.2883,2948.6386,2954.71,2909.8982,7738900000.0,74817092259.0
2016-02-04,2960.3335,2984.7598,2999.2061,2960.2065,9177972400.0,91550346872.0
2016-02-05,2982.0563,2963.7894,2988.3597,2962.8471,7685080800.0,77443222334.0
2016-02-15,2888.4277,2946.7066,2961.4926,2886.0183,7291943400.0,71285049141.0
2016-02-16,2962.1871,3037.0353,3042.0886,2962.1871,11257964300.0,112300492317.0
2016-02-17,3034.0902,3063.3199,3065.7845,3027.0458,12829160700.0,122279340234.0
2016-02-18,3079.5272,3053.6985,3093.5129,3049.8407,12440146400.0,122618612161.0
2016-02-19,3047.9417,3051.585,3065.9677,3032.6336,8733801200.0,90849341804.0
2016-02-22,3083.9325,3118.8675,3128.2069,3071.3289,14094696800.0,141684080627.0
2016-02-23,3117.2027,3089.3632,3119.2209,3061.4294,11256739100.0,117476469063.0
2016-02-24,3077.6062,3109.5454,3109.5454,3055.2511,11178265000.0,112918607549.0
2016-02-25,3104.4097,2918.7501,3104.4357,2905.4565,15782975200.0,153493008194.0
2016-02-26,2942.0954,2948.0306,2964.3851,2902.948,10694972900.0,102531571946.0
2016-02-29,2939.5802,2877.4666,2939.8745,2821.2149,12934102000.0,118440829598.0
2016-03-01,2881.3353,2930.6937,2950.4361,2863.3228,11604591800.0,110491037808.0
2016-03-02,2933.9209,3051.3327,3054.7237,2933.1162,17597234700.0,164025161471.0
2016-03-03,3050.3886,3058.4219,3078.4437,3040.2463,17310574400.0,165509087742.0
2016-03-04,3047.5371,3093.8895,3101.6556,3032.4235,21917253400.0,205520475543.0
2016-03-07,3108.9994,3104.8397,3130.9032,3083.5843,13246203700.0,127790344488.0
2016-03-08,3100.1492,3107.6727,3109.2499,3001.8285,13623574200.0,128758488144.0
2016-03-09,3045.9238,3071.907,3072.9156,3020.1335,11146624500.0,106298652785.0
2016-03-10,3056.2104,3013.1457,3074.1602,3012.6908,7607219700.0,78180468559.0
2016-03-11,2990.2135,3018.2844,3026.4368,2982.1722,7333356400.0,74367296548.0
2016-03-14,3039.5689,3065.6904,3106.8002,3033.9997,11710865500.0,123539094703.0
2016-03-15,3061.3427,3074.7796,3077.0846,3028.5781,9831194100.0,101302845698.0
2016-03-16,3068.8664,3090.0328,3100.3518,3064.5209,12473644800.0,126128854001.0
2016-03-17,3096.8076,3124.2039,3147.8413,3077.5717,12166177700.0,136603715775.0
2016-03-18,3136.2234,3171.963,3197.6683,3130.1021,19730256400.0,210017810346.0
2016-03-21,3203.2929,3249.4372,3267.7751,3198.3608,23326946400.0,256836636273.0
2016-03-22,3231.6146,3225.7903,3249.6772,3218.7276,16102089700.0,194211982989.0
2016-03-23,3217.7288,3236.0924,3242.2466,3202.9759,12567928600.0,155567074583.0
2016-03-24,3211.496,3181.8507,3221.9061,3181.8128,13313112200.0,162436036415.0
2016-03-25,3176.8101,3197.8169,3204.4423,3174.3179,9739533000.0,115195604431.0
2016-03-28,3206.9532,3169.7283,3229.6237,3161.8782,10344193300.0,123844044128.0
2016-03-29,3171.3138,3135.4098,3178.0748,3122.7605,9729474700.0,113844280553.0
2016-03-30,3161.2886,3216.2753,3216.6755,3161.2886,11780251200.0,140721774451.0
2016-03-31,3229.1995,3218.0879,3241.9268,3208.6649,12155207400.0,147267617416.0
2016-04-01,3213.674,3221.8948,3222.6124,3165.8555,11812213900.0,127050098456.0
2016-04-05,3211.3046,3264.4858,3271.9301,3205.2065,14604777200.0,159296543667.0
2016-04-06,3250.5215,3257.5276,3267.64,3236.1961,12019630500.0,137206268587.0
2016-04-07,3266.2883,3209.2902,3270.8202,3208.6443,11240946700.0,128273067720.0
2016-04-08,3189.8456,3185.7258,3197.7736,3163.305,10100562500.0,113920716519.0
2016-04-11,3213.507,3230.0957,3251.5717,3213.507,12521270900.0,142759491340.0
2016-04-12,3227.3673,3218.4497,3232.2642,3198.9027,9286943700.0,99086557951.0
2016-04-13,3237.8575,3261.3831,3296.5228,3237.8575,19561386600.0,200159601290.0
2016-04-14,3277.0982,3275.8321,3286.0716,3252.0499,11315732700.0,117989443450.0
2016-04-15,3279.8566,3272.2053,3282.9846,3261.7299,9980752900.0,107963982334.0
2016-04-18,3252.6706,3228.4531,3252.6706,3221.6623,9709006900.0,103956150095.0
2016-04-19,3243.9712,3238.3029,3250.7253,3221.5773,8087144000.0,90976236261.0
2016-04-20,3244.1419,3181.0264,3248.4218,3107.3693,16220785800.0,172324694469.0
2016-04-21,3160.7958,3160.6033,3198.557,3150.9395,10475265100.0,110324379038.0
2016-04-22,3142.5611,3174.9012,3175.3799,3137.9927,7707849200.0,82442921903.0
2016-04-25,3164.7384,3162.0331,3172.2694,3137.113,6751935100.0,74734848036.0
2016-04-26,3159.7706,3179.1605,3181.0954,3150.4041,5902073400.0,68871554173.0
2016-04-27,3181.9305,3165.9156,3188.8264,3162.6914,6000414700.0,70620405995.0
2016-04-28,3169.3333,3160.5809,3174.7662,3135.6425,6987066000.0,78876767222.0
2016-04-29,3153.5371,3156.7451,3171.2887,3149.3966,5802977600.0,70807704222.0
2016-05-03,3159.823,3213.5397,3218.485,3151.4045,9816483500.0,115733867591.0
2016-05-04,3203.4653,3209.4614,3222.8816,3198.2919,9086240800.0,97797134813.0
2016-05-05,3204.1686,3213.9199,3217.282,3196.5661,7473368100.0,83946496908.0
2016-05-06,3213.1358,3130.3544,3216.893,3130.1469,10868024000.0,119265216104.0
2016-05-09,3115.4301,3065.6154,3115.4301,3055.0057,9923047700.0,100409213488.0
2016-05-10,3055.2119,3069.1124,3084.7245,3055.1831,6884993500.0,70650764147.0
2016-05-11,3080.6361,3082.8086,3102.8768,3063.0883,8179425800.0,87323408342.0
2016-05-12,3059.3831,3090.1372,3095.3489,3035.0228,7876572600.0,81418792606.0
2016-05-13,3081.6797,3074.9351,3103.0955,3064.691,6262975500.0,65850995649.0
2016-05-16,3064.5261,3095.3085,3095.5554,3053.6619,5946185600.0,64405200020.0
2016-05-17,3095.5229,3086.0249,3105.2013,3073.459,6527812500.0,75389385458.0
2016-05-18,3071.5292,3068.0358,3072.6122,3039.4618,8271536900.0,88458847115.0
2016-05-19,3060.3426,3062.5002,3086.977,3058.145,6044416600.0,68679060392.0
2016-05-20,3047.7778,3078.2183,3078.5316,3041.5169,5608084200.0,65124251092.0
2016-05-23,3078.515,3087.2225,3098.4782,3076.5039,5969721600.0,70337514484.0
2016-05-24,3083.2441,3063.5556,3083.2571,3052.5905,5873438500.0,61106015446.0
2016-05-25,3079.7486,3059.2259,3089.1022,3054.8697,5665280300.0,63316562530.0
2016-05-26,3056.6004,3064.2111,3072.524,3027.444,6039298100.0,65985183919.0
2016-05-27,3059.732,3062.4993,3073.7562,3052.1793,6046875000.0,59371777079.0
2016-05-30,3056.3138,3066.7095,3075.2613,3037.6647,6309857900.0,63496565009.0
2016-05-31,3068.5964,3169.5598,3170.926,3068.5964,13886311100.0,151398175957.0
2016-06-01,3172.9619,3160.547,3181.7926,3159.8175,11314848200.0,131700821152.0
2016-06-02,3158.0259,3167.0997,3168.824,3151.0654,8600342700.0,97093625345.0
2016-06-03,3172.946,3189.3255,3201.7492,3162.088,10149178300.0,136332027087.0
2016-06-06,3192.7793,3178.7883,3197.2204,3168.554,7669375100.0,101176231366.0
2016-06-07,3182.4374,3177.0536,3186.6167,3168.1792,6892831400.0,88711618425.0
2016-06-08,3171.8134,3163.9864,3174.9719,3148.3517,7629177500.0,97682790861.0
2016-06-13,3134.0453,3066.3413,3145.6057,3065.7674,9297594700.0,114091320004.0
2016-06-14,3058.4433,3075.9834,3078.7494,3055.6553,6627945700.0,78622305350.0
2016-06-15,3043.9577,3116.3682,3128.6733,3042.2328,8739325700.0,106170177872.0
2016-06-16,3104.3619,3094.6748,3112.4755,3089.4777,8297470300.0,93496238871.0
2016-06-17,3096.0901,3110.3572,3131.0485,3096.0901,8540298500.0,97953389320.0
2016-06-20,3114.9064,3112.6744,3118.7254,3089.7127,6358714100.0,74647802462.0
2016-06-21,3124.8984,3106.3175,3155.4927,3097.9402,8796534500.0,107233643632.0
2016-06-22,3100.4496,3133.9611,3134.0608,3096.9919,6648711300.0,81348715848.0
2016-06-23,3129.7207,3117.3168,3129.7207,3102.4811,6775173800.0,81732552159.0
2016-06-24,3110.6465,3077.1554,3130.5391,3033.9651,10479220800.0,118967441702.0
2016-06-27,3065.128,3120.5443,3120.6405,3064.9664,8326725900.0,104066083791.0
2016-06-28,3107.3979,3136.4013,3139.4301,3099.7012,9202463700.0,117197791504.0
2016-06-29,3142.4842,3151.3898,3158.0762,3139.1325,10372366800.0,117958861189.0
2016-06-30,3152.8331,3153.921,3163.7205,3148.1987,7969261700.0,100627912925.0
2016-07-01,3156.932,3154.2003,3170.2583,3148.2948,7174628300.0,91215027688.0
2016-07-04,3136.3852,3204.6962,3210.6016,3134.0233,13331052900.0,149894780037.0
2016-07-05,3199.1572,3207.3827,3216.7029,3197.9956,13022689500.0,143899100428.0
2016-07-06,3197.6249,3216.8035,3217.5158,3183.4511,12489745800.0,147232471496.0
2016-07-07,3206.5507,3209.9542,3220.5404,3190.1235,11859520200.0,140488833675.0
2016-07-08,3199.7542,3192.2804,3204.9283,3183.9594,8973485500.0,111063465417.0
2016-07-11,3199.0383,3203.3298,3235.9623,3197.6255,13852951100.0,155288151673.0
2016-07-12,3201.9062,3273.1823,3273.4738,3200.3034,17253421700.0,190853738897.0
2016-07-13,3274.0202,3282.8681,3300.9912,3271.7752,17519609000.0,196592300322.0
2016-07-14,3277.4816,3276.7637,3281.9503,3259.0653,10752579800.0,128090420917.0
2016-07-15,3278.8357,3276.2775,3285.026,3265.2906,10266502600.0,125179812929.0
2016-07-18,3269.7077,3262.0222,3281.6375,3251.7659,11031251800.0,129785706199.0
2016-07-19,3260.4349,3248.2341,3264.7303,3226.1987,8888686100.0,107108911172.0
2016-07-20,3246.86,3237.61,3254.51,3232.26,7270125500.0,91367448994.0
2016-07-21,3238.3367,3252.5227,3271.3739,3238.3034,8600482500.0,107464072513.0
2016-07-22,3251.242,3225.1621,3253.7694,3220.8937,8602912800.0,107416887320.0
2016-07-25,3220.1658,3230.885,3243.7902,3218.1419,7020318500.0,92015844035.0
2016-07-26,3228.234,3269.5882,3269.7457,3228.0075,8105108900.0,103745762758.0
2016-07-27,3270.08,3218.24,3276.51,3157.41,16018866500.0,186928366498.0
2016-07-28,3204.46,3221.14,3235.78,3195.27,11277996400.0,137295892753.0
2016-07-29,3217.1923,3203.9304,3225.4184,3198.6839,8804483700.0,103787029748.0
2016-08-01,3196.425,3176.8091,3199.9751,3156.7488,8700349700.0,98818634361.0
2016-08-02,3173.7576,3189.0529,3189.0529,3165.5422,6216763900.0,70640763842.0
2016-08-03,3179.6842,3193.5073,3197.1573,3173.5356,7286410200.0,79754323301.0
2016-08-04,3190.546,3201.2888,3201.5539,3170.4189,7350437300.0,86919591121.0
2016-08-05,3201.3543,3205.1101,3224.873,3192.8614,7719636600.0,94429542391.0
2016-08-08,3199.5723,3234.1833,3234.4795,3187.2521,8667605100.0,102638114597.0
2016-08-09,3232.603,3256.9813,3257.3336,3229.1741,9106525900.0,105924052436.0
2016-08-10,3255.1822,3243.3409,3261.8609,3242.7509,9043037200.0,106157448028.0
2016-08-11,3239.5583,3233.3604,3274.0261,3232.6127,10104121300.0,116996159046.0
2016-08-12,3231.8065,3294.2337,3294.2337,3231.1366,11625404400.0,129354686387.0
2016-08-15,3303.4688,3393.4239,3417.9147,3302.3776,22054342100.0,258897463910.0
2016-08-16,3403.3839,3378.2451,3418.6884,3372.0206,19638974000.0,226785231085.0
2016-08-17,3377.7713,3373.0476,3394.3887,3356.9244,13884768800.0,167917530856.0
2016-08-18,3369.9472,3364.4851,3394.7912,3349.6879,14238016900.0,172256533000.0
2016-08-19,3358.555,3365.0197,3374.045,3341.1922,11996150800.0,135382706293.0
2016-08-22,3364.681,3336.7949,3372.8331,3335.4695,10795100800.0,128201783812.0
2016-08-23,3332.621,3341.8298,3359.6477,3324.9603,9292451600.0,108503692377.0
2016-08-24,3341.9304,3329.8631,3348.1291,3323.7251,8119142900.0,94012832200.0
2016-08-25,3314.0846,3308.9721,3315.0812,3279.8064,10058915300.0,112578140010.0
2016-08-26,3312.5,3307.09,3328.95,3301.74,8153069100.0,93213205560.0
2016-08-29,3306.5749,3307.7812,3315.0789,3297.0697,7703633300.0,88011642022.0
2016-08-30,3310.3188,3311.9872,3325.1218,3304.5966,7572598700.0,89513016667.0
2016-08-31,3310.5654,3327.7938,3333.9729,3304.6552,7957080500.0,99215044445.0
2016-09-01,3326.7389,3301.5767,3329.3455,3301.2129,8494721900.0,100911462823.0
2016-09-02,3298.7217,3314.1142,3320.4252,3295.7554,8279180300.0,99396378584.0
2016-09-05,3321.0053,3319.6803,3338.4197,3314.6293,7829247700.0,87531089645.0
2016-09-06,3322.018,3342.6259,3347.9511,3300.1257,9828399800.0,118366533426.0
2016-09-07,3344.0657,3340.8172,3357.3567,3337.7508,10294010600.0,115119908617.0
2016-09-08,3338.0082,3339.564,3343.395,3328.2264,7191615800.0,83742346850.0
2016-09-09,3339.3733,3318.044,3344.951,3318.044,8265703600.0,95471188732.0
2016-09-12,3271.8702,3262.6043,3276.7163,3234.573,12291768200.0,134456630927.0
2016-09-13,3265.3373,3260.333,3269.2224,3246.3857,6718028800.0,76862644231.0
2016-09-14,3245.7371,3238.7299,3254.995,3231.3355,7043269700.0,79780746436.0
2016-09-19,3242.7429,3263.1242,3264.8995,3242.7429,5883108200.0,67678031642.0
2016-09-20,3264.6649,3257.4034,3265.0353,3252.3885,5278420600.0,61626150818.0
2016-09-21,3257.7097,3266.6363,3270.9022,3254.3214,5914297900.0,68957744044.0
2016-09-22,3281.4718,3291.1211,3303.1993,3277.9791,7575354200.0,89991761655.0
2016-09-23,3292.2788,3275.6665,3293.9162,3275.025,5799398600.0,68046257250.0
2016-09-26,3267.6905,3220.2838,3267.6905,3220.2838,7045218600.0,78700835132.0
2016-09-27,3214.8704,3240.7546,3240.7756,3214.4414,5846055000.0,66651130361.0
2016-09-28,3243.647,3230.8904,3243.647,3227.996,4472749800.0,51996404752.0
2016-09-29,3234.857,3244.3874,3257.7668,3234.8032,5545255600.0,62220302312.0
2016-09-30,3240.1775,3253.2848,3260.9405,3239.0364,4497802200.0,52655734553.0
2016-10-10,3265.3644,3293.8689,3294.6409,3258.9584,8051926000.0,89607989896.0
2016-10-11,3296.8672,3306.5573,3308.0042,3292.8775,8771316300.0,88213421183.0
2016-10-12,3299.1388,3300.0099,3302.561,3289.7532,6866978100.0,72386912616.0
2016-10-13,3299.1557,3302.6455,3307.4091,3292.3974,8122419800.0,79923748596.0
2016-10-14,3298.734,3305.8481,3306.6859,3285.729,8231627100.0,81485597806.0
2016-10-17,3305.9635,3277.8787,3309.0097,3271.5413,8611350900.0,88199418936.0
2016-10-18,3272.6815,3321.3324,3321.3324,3272.6815,10286071400.0,104625044142.0
2016-10-19,3323.3038,3316.2407,3332.5201,3309.8313,10116772500.0,96354442199.0
2016-10-20,3317.1792,3318.6044,3324.9031,3312.1741,7923887100.0,82481095277.0
2016-10-21,3315.7156,3327.74,3341.5603,3309.1787,10978517600.0,107114926126.0
2016-10-24,3332.5125,3367.5778,3382.8259,3330.9674,15301434500.0,150063007899.0
2016-10-25,3367.4753,3367.4547,3373.9139,3356.5853,11119169300.0,110576512916.0
2016-10-26,3365.1975,3354.8003,3367.831,3349.5744,9802478600.0,104719318220.0
2016-10-27,3351.4603,3345.695,3352.3545,3335.1332,7762985100.0,85241012414.0
2016-10-28,3347.1438,3340.1262,3370.7485,3337.2888,9313330900.0,104797971448.0
2016-10-31,3332.406,3336.2778,3340.4695,3317.3279,7135286300.0,80701820968.0
2016-11-01,3338.7099,3359.0515,3359.3941,3334.4568,7493819900.0,84717683750.0
2016-11-02,3350.71,3333.3524,3356.3974,3331.3841,9119710400.0,100348995733.0
2016-11-03,3326.9045,3365.085,3379.9889,3324.8378,12622350400.0,137386468361.0
2016-11-04,3362.2055,3354.1749,3377.6394,3348.4263,10406965500.0,110813764577.0
2016-11-07,3353.4441,3356.5916,3362.7416,3342.3122,9987798800.0,94370876771.0
2016-11-08,3367.6974,3371.1177,3383.9174,3361.1292,10314828200.0,105138256061.0
2016-11-09,3370.5999,3353.0547,3373.096,3322.0798,13911005900.0,145186921690.0
2016-11-10,3374.91,3390.61,3403.02,3374.91,13470553500.0,133277399553.0
2016-11-11,3387.9481,3417.2211,3422.6715,3382.8925,19878149600.0,190647270040.0
2016-11-14,3409.2241,3430.2482,3452.6159,3408.1392,21324710500.0,208353308629.0
2016-11-15,3428.8663,3429.8697,3434.9216,3415.9948,13456632000.0,135206770523.0
2016-11-16,3432.4336,3429.5921,3435.6366,3419.2435,12980851100.0,128944599173.0
2016-11-17,3423.4654,3436.535,3437.669,3412.8771,12156173100.0,121576882948.0
2016-11-18,3437.4898,3417.4554,3443.1185,3413.2698,11595120500.0,117345607612.0
2016-11-21,3412.6523,3441.1106,3463.1423,3412.0801,14643452900.0,147542589349.0
2016-11-22,3443.2201,3468.3637,3469.2189,3443.2201,16852344600.0,167250665827.0
2016-11-23,3473.8949,3474.7289,3492.9564,3465.7639,16238850400.0,171247116196.0
2016-11-24,3468.8071,3488.7402,3508.1648,3467.0108,14574630100.0,165071453531.0
2016-11-25,3490.0399,3521.2984,3521.3029,3463.9477,15362150600.0,166832181108.0
2016-11-28,3538.6754,3535.0807,3553.3603,3528.3196,20737548300.0,219859766828.0
2016-11-29,3525.9011,3564.0404,3583.7185,3521.3787,23691835600.0,248322816339.0
2016-11-30,3557.6357,3538.001,3567.0689,3527.0231,17856017800.0,190681227631.0
2016-12-01,3543.9555,3565.036,3575.97,3543.245,18017076100.0,199637742998.0
2016-12-02,3559.7711,3528.9547,3562.5497,3516.7881,19635548000.0,203742147476.0
2016-12-05,3473.6876,3469.4073,3496.8838,3457.3433,18085235500.0,190175061733.0
2016-12-06,3466.2417,3459.1533,3477.5901,3456.8067,11552909000.0,125727753193.0
2016-12-07,3458.3687,3475.7473,3475.7473,3445.7561,11434510300.0,115282194223.0
2016-12-08,3481.8067,3470.1426,3484.3402,3466.512,11738392200.0,119188508676.0
2016-12-09,3464.8733,3493.7004,3507.9276,3461.7612,15030330800.0,152674867707.0
2016-12-12,3489.2683,3409.1794,3495.8022,3400.793,18746775100.0,199163540831.0
2016-12-13,3394.2072,3405.0355,3416.2147,3370.5956,12110509700.0,124454188749.0
2016-12-14,3399.4113,3378.9453,3412.2795,3378.2656,12400774400.0,126182669414.0
2016-12-15,3363.8597,3340.4338,3378.0367,3327.1429,11496066000.0,121507811540.0
2016-12-16,3335.3625,3346.0305,3356.2916,3330.4928,9077542200.0,98112206845.0
2016-12-19,3342.3449,3328.9827,3344.8584,3324.9986,8164067800.0,86095693838.0
2016-12-20,3328.2985,3309.0641,3329.1022,3289.2682,8756959200.0,88527345889.0
2016-12-21,3313.7451,3338.536,3342.4761,3313.7451,10825499500.0,106205485213.0
2016-12-22,3335.1218,3335.672,3340.3628,3322.7196,9227724900.0,92564877570.0
2016-12-23,3333.4009,3307.5991,3334.8937,3300.8843,9744471300.0,99575473231.0
2016-12-26,3293.2236,3322.4006,3322.4212,3267.0481,8979398200.0,95493219936.0
2016-12-27,3319.2061,3316.3852,3330.2324,3315.8318,7548635900.0,79617133030.0
2016-12-28,3315.7526,3301.8887,3320.5467,3293.1737,6900043700.0,71759839566.0
2016-12-29,3297.036,3297.7648,3312.113,3288.0959,7008792300.0,75972960431.0
2016-12-30,3302.5993,3310.0808,3313.5497,3295.7513,7174411600.0,76921368838.0
2017-01-03,3313.9534,3342.2272,3345.2629,3313.9534,8656789600.0,87612765768.0
2017-01-04,3340.5576,3368.3117,3369.5658,3338.1527,9005082700.0,98014355468.0
2017-01-05,3368.3402,3367.7892,3373.4119,3361.462,8833635700.0,91189339582.0
2017-01-06,3366.8522,3347.6665,3368.8705,3346.8914,8745911400.0,91072256748.0
2017-01-09,3345.7483,3363.9014,3366.2219,3344.3472,8370794200.0,87916115243.0
2017-01-10,3361.6394,3358.2716,3370.5051,3354.0878,8381916000.0,82533965080.0
2017-01-11,3355.8008,3334.4954,3366.6315,3334.2978,9107143800.0,86750457122.0
2017-01-12,3332.6857,3317.6241,3343.1279,3315.9629,8123913500.0,75031886874.0
2017-01-13,3317.9625,3319.9122,3338.174,3309.3741,8418058900.0,84556101403.0
2017-01-16,3314.1507,3319.4455,3322.7819,3264.2071,15777913500.0,153262520121.0
2017-01-17,3305.6001,3326.3563,3327.3767,3292.2044,6945332800.0,74754505696.0
2017-01-18,3323.3389,3339.3653,3350.9619,3320.4062,7062322700.0,75680677264.0
2017-01-19,3330.9522,3329.2891,3346.4959,3324.6835,6615980800.0,63869709163.0
2017-01-20,3326.9773,3354.8891,3358.4121,3326.374,6530046200.0,70831324310.0
2017-01-23,3359.0543,3364.0808,3378.7388,3355.8475,7555749800.0,76492660154.0
2017-01-24,3363.1374,3364.4509,3371.32,3355.899,6619422600.0,66049651289.0
2017-01-25,3361.6561,3375.9042,3376.4415,3357.2183,5837693100.0,62483395802.0
2017-01-26,3378.2609,3387.9606,3395.8848,3378.2609,6531664700.0,66488818305.0
2017-02-03,3390.9315,3364.4923,3392.4773,3362.5653,5518886100.0,57113853255.0
2017-02-06,3368.1081,3373.2051,3381.3348,3358.7516,6852136000.0,73408134768.0
2017-02-07,3371.7695,3365.6849,3376.7099,3354.6251,6375446200.0,69758178999.0
2017-02-08,3361.7811,3383.2878,3383.6859,3347.4302,7540287900.0,82869735773.0
2017-02-09,3381.8992,3396.2924,3406.5888,3379.7872,9755851500.0,102134228699.0
2017-02-10,3398.3173,3413.4868,3422.3256,3398.0295,12376872000.0,121908580284.0
2017-02-13,3416.9168,3436.275,3439.5432,3416.8746,12014453800.0,125332998844.0
2017-02-14,3438.511,3435.8042,3440.6748,3424.4028,9480946500.0,98537165438.0
2017-02-15,3435.3882,3421.7131,3448.0322,3417.0811,12764333800.0,124653179488.0
2017-02-16,3421.8299,3440.9331,3440.9331,3418.3514,10827696200.0,101809767504.0
2017-02-17,3443.6166,3421.4419,3457.5562,3419.6143,11460003600.0,118033129670.0
2017-02-20,3421.6434,3471.3926,3472.6035,3421.6434,13262886200.0,134681505159.0
2017-02-21,3475.0584,3482.823,3490.0855,3472.017,11484200900.0,120675429543.0
2017-02-22,3483.2008,3489.7567,3489.946,3473.524,10281599400.0,109232425841.0
2017-02-23,3487.5745,3473.3236,3492.9616,3460.118,9953633000.0,106555922466.0
2017-02-24,3468.9588,3473.8517,3473.8517,3455.2514,9553513300.0,99875164759.0
2017-02-27,3471.13,3446.22,3472.84,3441.39,9867216000.0,106830874529.0
2017-02-28,3445.0274,3452.8103,3460.9089,3441.3589,7521526000.0,81979307361.0
2017-03-01,3452.2058,3458.4376,3472.6962,3449.109,10326035400.0,109317781348.0
2017-03-02,3463.4829,3435.0963,3468.471,3434.001,8989807700.0,97876187925.0
2017-03-03,3424.6627,3427.8628,3428.8824,3412.8312,8099465200.0,90009618835.0
2017-03-06,3427.2533,3446.484,3449.0342,3425.9041,8307088200.0,95178548496.0
2017-03-07,3446.1628,3453.9565,3454.0386,3440.0574,8033472000.0,94483824245.0
2017-03-08,3452.2006,3448.7313,3457.0351,3441.2575,7958769000.0,89124904682.0
2017-03-09,3442.8953,3426.9438,3443.0455,3414.6782,8457038100.0,90090049490.0
2017-03-10,3423.9776,3427.8916,3436.2388,3423.9369,7001619900.0,82161714923.0
2017-03-13,3425.6723,3458.098,3458.098,3412.6879,9168412400.0,108489140923.0
2017-03-14,3456.6584,3456.6934,3465.3915,3448.9034,7707796300.0,95317564129.0
2017-03-15,3452.2139,3463.6436,3463.9191,3445.2676,7910495400.0,94056256667.0
2017-03-16,3472.2694,3481.5066,3492.1267,3472.2694,10633391300.0,124695573677.0
2017-03-17,3485.3114,3445.8051,3488.4969,3441.4685,10375556000.0,122368918550.0
2017-03-20,3449.0515,3449.6126,3454.063,3429.8254,8873432200.0,103769403897.0
2017-03-21,3449.7696,3466.3468,3466.7026,3445.6416,8770785500.0,113528201390.0
2017-03-22,3450.7544,3450.0502,3464.3328,3433.4994,10493589400.0,123865640377.0
2017-03-23,3452.4056,3461.9782,3470.8164,3435.6912,9431806200.0,115813813702.0
2017-03-24,3464.1966,3489.5997,3499.3179,3461.1108,12564583300.0,141752526681.0
2017-03-27,3488.7647,3478.0385,3505.9789,3474.5206,10701537700.0,124388012134.0
2017-03-28,3480.249,3469.8093,3482.2923,3461.4678,8419482000.0,97495938765.0
2017-03-29,3472.9665,3465.1933,3483.0571,3455.5529,10485170600.0,114663468279.0
2017-03-30,3461.6159,3436.758,3467.3049,3422.366,11637692200.0,122088021630.0
2017-03-31,3434.8222,3456.0455,3456.3051,3430.8197,9157749100.0,100984904830.0
2017-04-05,3476.4231,3503.8932,3504.5379,3475.1486,14339901700.0,160742981172.0
2017-04-06,3507.9879,3514.0469,3517.7779,3495.7246,13676700400.0,145221644165.0
2017-04-07,3514.4521,3517.4634,3526.815,3506.3885,14029320400.0,144559675567.0
2017-04-10,3519.4597,3505.1392,3522.7955,3502.0826,14188738000.0,155747834572.0
2017-04-11,3503.8294,3517.328,3520.1315,3466.139,16594583200.0,189457268655.0
2017-04-12,3514.5723,3509.4387,3523.0975,3497.9991,18182453700.0,202154571423.0
2017-04-13,3500.2838,3514.5662,3518.4385,3496.5699,12998181300.0,133345929014.0
2017-04-14,3516.8103,3486.5045,3517.4664,3476.9468,13547407800.0,130425385379.0
2017-04-17,3475.7381,3479.9417,3480.5696,3453.6759,11716496100.0,123884371227.0
2017-04-18,3474.8892,3462.7429,3489.0845,3462.6297,11092782300.0,126790853425.0
2017-04-19,3452.9904,3445.8761,3459.3524,3418.514,12134926400.0,127050362407.0
2017-04-20,3444.5225,3461.5481,3465.6088,3440.7151,11418420800.0,133977258346.0
2017-04-21,3461.389,3466.7865,3475.5622,3449.5421,10441911000.0,115208831746.0
2017-04-24,3458.2279,3431.2587,3458.2279,3403.9792,11466079100.0,122778154321.0
2017-04-25,3427.7322,3440.9743,3449.6716,3422.6521,9407214800.0,107599357209.0
2017-04-26,3440.2526,3445.1832,3466.5651,3439.1505,11194002900.0,131316579235.0
2017-04-27,3435.1017,3446.7202,3449.2723,3399.5392,12329842500.0,134610947828.0
2017-04-28,3439.5735,3439.753,3439.904,3417.2375,10163235100.0,113761006698.0
2017-05-02,3427.9169,3426.5766,3436.3064,3418.6652,9279746200.0,101635858602.0
2017-05-03,3421.7586,3413.1282,3432.2248,3403.0782,9166962400.0,97854119098.0
2017-05-04,3404.9379,3404.3864,3421.3953,3391.277,10348207500.0,106985952575.0
2017-05-05,3393.4831,3382.5502,3395.4532,3366.5568,10989533300.0,117464939578.0
2017-05-08,3369.1084,3358.8125,3374.1571,3339.5743,12374928700.0,126885426472.0
2017-05-09,3342.5981,3352.5324,3358.0463,3327.5901,7677166800.0,85528831749.0
2017-05-10,3350.6502,3337.7007,3369.4345,3336.003,9208262800.0,102194980791.0
2017-05-11,3322.9455,3356.6459,3359.6003,3312.8921,10925289000.0,111576379054.0
2017-05-12,3350.9371,3385.3787,3387.2677,3349.1671,9338646600.0,97522124594.0
2017-05-15,3391.5881,3399.1937,3406.581,3391.5881,8297761100.0,92183332845.0
2017-05-16,3390.925,3428.6491,3428.8531,3373.552,10524241600.0,112814103201.0
2017-05-17,3423.19,3409.9656,3433.9695,3408.1541,9973683700.0,110553451835.0
2017-05-18,3387.6655,3398.1127,3409.9319,3383.935,8575958900.0,88091166041.0
2017-05-19,3395.2318,3403.8492,3405.9448,3392.3776,7147352500.0,78397081602.0
2017-05-22,3400.5882,3411.2387,3424.1776,3391.1748,9253955900.0,99021121578.0
2017-05-23,3405.0254,3424.194,3434.7662,3401.5338,11691103300.0,126767856025.0
2017-05-24,3409.7169,3424.1669,3424.1669,3383.8922,8355316100.0,92620045548.0
2017-05-25,3414.3992,3485.6581,3490.4176,3413.2246,13072163100.0,136634020807.0
2017-05-26,3479.6206,3480.4345,3498.3148,3473.04,10324115300.0,112585907354.0
2017-05-31,3495.073,3492.8845,3515.0812,3474.9215,10482974400.0,115968725310.0
2017-06-01,3485.2223,3497.7382,3499.8142,3476.4283,10312772400.0,116088766249.0
2017-06-02,3491.5893,3486.5074,3498.1189,3470.2017,8266801000.0,92850747181.0
2017-06-05,3480.1692,3468.7538,3484.1244,3462.3144,7973815200.0,85609467477.0
2017-06-06,3464.3765,3492.8816,3492.8816,3460.4534,6408938800.0,77868793730.0
2017-06-07,3493.8846,3533.8718,3537.0947,3491.1328,10441996800.0,124189288483.0
2017-06-08,3531.2419,3560.9786,3562.2724,3528.179,9022490500.0,112035619671.0
2017-06-09,3561.2411,3576.1703,3590.8872,3560.6336,10118826500.0,121700586716.0
2017-06-12,3570.2191,3574.3894,3603.6901,3565.9012,9038116700.0,117690802225.0
2017-06-13,3569.1594,3582.2674,3584.4094,3559.2134,7517713800.0,94223084812.0
2017-06-14,3571.2483,3535.2987,3571.2483,3530.274,8381078300.0,106105319868.0
2017-06-15,3530.7465,3528.7926,3542.2796,3508.9461,8263253500.0,106053901141.0
2017-06-16,3522.9745,3518.7611,3536.1401,3514.3892,7645270700.0,91462286377.0
2017-06-19,3520.0602,3553.6653,3554.91,3520.0602,7979714100.0,98572358252.0
2017-06-20,3560.7871,3546.494,3563.6964,3539.5149,8050955900.0,98187595478.0
2017-06-21,3567.1256,3587.955,3587.9863,3545.5666,8785982400.0,117147797136.0
2017-06-22,3583.5583,3590.3425,3635.5273,3581.3375,13552698700.0,169418803351.0
2017-06-23,3583.4359,3622.8831,3623.2352,3569.3225,10512913400.0,133975111796.0
2017-06-26,3627.0208,3668.0919,3671.9435,3627.0208,13463799500.0,170736841952.0
2017-06-27,3665.5775,3674.7152,3676.5328,3648.7635,9755870200.0,123057231694.0
2017-06-28,3664.1629,3646.1666,3672.1887,3644.0268,9792085800.0,124465947132.0
2017-06-29,3649.2525,3668.8279,3669.1345,3644.7331,8558949800.0,111847266867.0
2017-06-30,3654.7348,3666.7977,3669.7584,3646.2272,8151002800.0,102459981992.0
2017-07-03,3667.2316,3650.8463,3667.5957,3633.7825,8882086000.0,115214687872.0
2017-07-04,3646.828,3619.9841,3646.8455,3611.6911,9507141300.0,125350417552.0
2017-07-05,3611.8984,3659.6795,3660.7291,3610.4586,8823242500.0,120351565382.0
2017-07-06,3654.5576,3660.0967,3666.7745,3629.56,10237924500.0,132837126778.0
2017-07-07,3647.6416,3655.9293,3657.1131,3631.8702,10373549700.0,123465392616.0
2017-07-10,3647.9379,3653.6868,3667.8455,3641.5277,12059191000.0,141034626508.0
2017-07-11,3646.8783,3670.8086,3701.2087,3645.9946,11876082600.0,145084363277.0
2017-07-12,3672.6328,3658.8236,3691.5814,3640.5893,12228779200.0,143494599072.0
2017-07-13,3656.3502,3686.9205,3690.4832,3652.5658,12566954900.0,146388679598.0
2017-07-14,3682.6153,3703.094,3703.094,3672.7425,10551400500.0,121021448889.0
2017-07-17,3700.6179,3663.5575,3716.47,3621.3652,17882160000.0,196217253798.0
2017-07-18,3648.4942,3667.1807,3667.5408,3622.0414,12462205600.0,141472283974.0
2017-07-19,3660.8665,3729.7466,3731.0468,3658.2035,18247778700.0,198392451748.0
2017-07-20,3725.1436,3747.8843,3750.1938,3723.0689,14241003900.0,169267149940.0
2017-07-21,3738.1847,3728.5976,3751.6947,3722.0656,11794122600.0,141432632987.0
2017-07-24,3724.3778,3743.4686,3755.1902,3719.8488,13486872200.0,154701874682.0
2017-07-25,3742.6405,3719.559,3752.1559,3713.2766,12167205900.0,133531656186.0
2017-07-26,3722.8761,3705.3884,3738.5316,3684.1819,13632521000.0,146518004915.0
2017-07-27,3700.8558,3712.1947,3716.6888,3672.4971,14500290400.0,161631225346.0
2017-07-28,3703.4895,3721.8914,3725.5378,3696.7776,11141139200.0,125817861948.0
2017-07-31,3722.4282,3737.8732,3746.5207,3713.655,14842903900.0,160890133166.0
2017-08-01,3738.7364,3770.3828,3770.4043,3737.0954,15254653900.0,173127578959.0
2017-08-02,3768.1938,3760.8525,3784.3511,3759.2764,17229338300.0,189336782813.0
2017-08-03,3755.1081,3727.8264,3766.3452,3718.4351,14615394400.0,164710461600.0
2017-08-04,3724.7225,3707.5796,3738.7312,3707.003,15747006000.0,168292664589.0
2017-08-07,3701.2161,3726.7948,3730.7774,3689.9552,12423153000.0,134348537498.0
2017-08-08,3724.3287,3732.2129,3737.3344,3718.8116,13724192800.0,146481868919.0
2017-08-09,3728.0319,3731.044,3738.999,3713.5668,12467998900.0,137223598286.0
2017-08-10,3724.962,3715.9208,3746.8614,3688.1766,13008512800.0,148005169417.0
2017-08-11,3687.9314,3647.3503,3700.4944,3645.0945,15038742100.0,161083470412.0
2017-08-14,3651.3754,3694.6831,3698.3663,3651.3754,11530845100.0,140233894117.0
2017-08-15,3695.78,3706.0566,3719.2931,3692.2802,10644485700.0,124790630952.0
2017-08-16,3701.1337,3701.4207,3707.144,3679.7338,10413414100.0,127282165884.0
2017-08-17,3707.0668,3721.277,3722.6239,3704.4126,10865625100.0,137020002920.0
2017-08-18,3707.1891,3724.6748,3733.4914,3700.4112,9656170500.0,123078163944.0
2017-08-21,3731.8399,3740.9941,3744.2631,3728.6157,10031307300.0,123911716276.0
2017-08-22,3745.7543,3752.298,3758.2924,3734.5556,10029285600.0,131131078398.0
2017-08-23,3747.6108,3756.0884,3772.4568,3741.7204,10496157300.0,124081155710.0
2017-08-24,3755.8902,3734.6458,3765.7082,3729.0876,8994737200.0,107736019091.0
2017-08-25,3736.2916,3795.7544,3795.9693,3736.2916,12994090000.0,150697083062.0
2017-08-28,3805.6567,3842.7119,3866.9422,3805.6567,18557632500.0,236446280855.0
2017-08-29,3839.1779,3834.5376,3847.9303,3825.7597,12822707000.0,158978683685.0
2017-08-30,3834.2682,3834.3005,3854.7062,3827.8607,14135285700.0,166235122004.0
2017-08-31,3835.8394,3822.0928,3840.199,3800.8861,13294493500.0,157079216083.0
2017-09-01,3825.3392,3830.5383,3843.6176,3818.1586,15864551100.0,182770431967.0
2017-09-04,3828.5447,3845.6163,3847.0906,3813.5537,14956632000.0,175551068278.0
2017-09-05,3845.5451,3857.0464,3865.2938,3841.9514,12496415500.0,145779755314.0
2017-09-06,3846.7471,3849.4499,3858.2481,3831.3835,13139872300.0,155883314756.0
2017-09-07,3851.688,3829.8713,3858.1617,3828.835,12388418100.0,156113397125.0
2017-09-08,3830.0707,3825.9895,3843.0186,3813.9833,10603650400.0,134958583983.0
2017-09-11,3828.34,3825.65,3850.74,3817.51,12388399700.0,154793900773.1
2017-09-12,3832.2422,3837.9341,3849.3885,3822.0037,14419024200.0,187605312030.0
2017-09-13,3835.5493,3842.6061,3847.7841,3822.9441,9541078500.0,126254360933.0
2017-09-14,3843.572,3829.9554,3854.4931,3820.0876,11535858300.0,143111639152.0
2017-09-15,3826.1448,3831.2965,3843.297,3818.5234,12242700600.0,153477215180.0
2017-09-18,3832.9626,3843.1428,3862.3589,3832.9626,11793440500.0,152841028494.0
2017-09-19,3849.8794,3832.1161,3857.303,3820.2885,11243298700.0,145528457523.0
2017-09-20,3830.1549,3842.4353,3850.9426,3827.8858,10112954200.0,135041882371.0
2017-09-21,3843.2577,3837.8176,3860.7977,3837.384,11109819200.0,144132893229.0
2017-09-22,3826.4589,3837.7304,3842.252,3816.8225,10061980200.0,128360894859.0
2017-09-25,3829.219,3817.7915,3835.3894,3811.1192,10394897600.0,135980239129.0
2017-09-26,3810.3333,3820.7816,3821.6928,3808.3827,8186940700.0,101036334815.0
2017-09-27,3818.9646,3821.2,3832.566,3818.8147,8565581100.0,109299492247.0
2017-09-28,3821.5904,3822.5386,3827.3308,3813.7532,9354406900.0,115646338522.0
2017-09-29,3825.2021,3836.5013,3852.2236,3825.2021,9330602800.0,116056776566.0
2017-10-09,3910.1149,3882.2076,3918.8391,3876.0322,13553585100.0,171941460832.0
2017-10-10,3883.0037,3889.8637,3900.7418,3855.4666,11253258600.0,157979737603.0
2017-10-11,3886.8184,3902.6868,3913.0695,3885.497,10441815100.0,144152740056.0
2017-10-12,3902.0156,3912.9536,3917.4435,3897.5472,9434092100.0,123147248618.0
2017-10-13,3912.975,3921.0017,3927.1744,3908.8885,9014206800.0,114314854703.0
2017-10-16,3926.2754,3913.4462,3947.4239,3913.3224,12135503300.0,150823756592.0
2017-10-17,3910.7894,3913.0688,3924.6141,3900.4758,8224122700.0,106708451684.0
2017-10-18,3914.8152,3944.1626,3944.4106,3914.8152,10096984100.0,126420379660.0
2017-10-19,3940.5831,3931.2495,3944.0349,3923.6455,10652725200.0,133189855169.0
2017-10-20,3918.5265,3926.852,3928.9607,3910.1974,7298018000.0,94529636639.0
2017-10-23,3930.8914,3930.7981,3936.2729,3920.6562,8148498000.0,100280911371.0
2017-10-24,3926.2299,3959.3953,3959.4951,3922.0288,9305815400.0,120192150584.0
2017-10-25,3958.1669,3976.949,3978.0893,3954.0011,8820545800.0,106820309535.0
2017-10-26,3980.0479,3993.5752,4013.5988,3973.5535,12989546500.0,170488618587.0
2017-10-27,3992.5539,4021.9676,4024.4645,3991.354,12667284600.0,152974831071.0
2017-10-30,4022.1641,4009.7218,4033.3394,3960.2698,15738760300.0,193489838439.0
2017-10-31,3995.3935,4006.7179,4009.2828,3983.2565,10917877900.0,142897206949.0
2017-11-01,4007.9116,3996.6221,4032.4581,3991.3235,13041738000.0,166477138571.0
2017-11-02,3994.0946,3997.1343,3999.2262,3971.3761,12610057900.0,151981363640.0
2017-11-03,3992.3496,3992.6979,3999.3373,3963.0263,12940443900.0,158142056585.0
2017-11-06,3989.1824,4020.8896,4021.6382,3975.4069,12208115900.0,158911861111.0
2017-11-07,4022.4018,4054.2465,4064.2178,4021.3639,15211666300.0,193990974032.0
2017-11-08,4051.4935,4048.0057,4089.1457,4040.5772,15082771900.0,200949740671.0
2017-11-09,4043.0663,4075.8998,4076.6102,4038.4004,12105633500.0,159247198176.0
2017-11-10,4070.2763,4111.9112,4116.7142,4067.657,14181716500.0,198869833811.0
2017-11-13,4115.5507,4128.0733,4137.6455,4115.5507,15144630900.0,205930794541.0
2017-11-14,4129.2736,4099.351,4133.5462,4086.8903,14323693600.0,199605009025.0
2017-11-15,4084.2131,4073.6696,4102.8071,4055.7167,12063569600.0,177753075436.0
2017-11-16,4063.4943,4105.0122,4107.617,4062.2734,12138441400.0,172903880580.0
2017-11-17,4094.0787,4120.8508,4122.3756,4081.3723,19178411900.0,253079314045.0
2017-11-20,4093.734,4143.8334,4144.5144,4060.9636,13744725800.0,191589637482.0
2017-11-21,4131.8482,4217.7015,4220.2636,4129.9783,18035082100.0,253302199628.0
2017-11-22,4228.3721,4227.5666,4260.6395,4191.145,18647700300.0,254298361690.0
2017-11-23,4213.3781,4102.3966,4214.1895,4086.9018,17814722800.0,237536704704.0
2017-11-24,4089.4723,4104.2034,4116.5942,4057.4894,13085804000.0,182912191367.0
2017-11-27,4088.9318,4049.9475,4088.9318,4037.1457,14345526800.0,183004551223.0
2017-11-28,4034.2057,4055.8235,4056.4753,4010.2955,10205809500.0,135539647289.0
2017-11-29,4061.3545,4053.7529,4069.2418,4004.687,12455364200.0,165743341284.0
2017-11-30,4034.0091,4006.0993,4052.797,3988.0018,10798334500.0,145829948321.0
2017-12-01,4003.5604,3998.1365,4027.1064,3984.3776,9738691300.0,136010927567.0
2017-12-04,3989.0466,4018.8571,4032.9859,3982.3182,10264721900.0,138223055525.0
2017-12-05,4007.9361,4040.1704,4045.9331,4006.5432,15408707600.0,196337660259.0
2017-12-06,4027.1231,4015.8211,4031.7533,3964.8087,10928620500.0,144114954180.0
2017-12-07,4003.5826,3971.0569,4017.9465,3955.9939,9025404500.0,119651201504.0
2017-12-08,3962.8288,4003.3792,4014.1387,3955.44,8928286100.0,124371230332.0
2017-12-11,4006.8784,4069.4997,4069.4997,4005.2687,9714894600.0,148476588469.0
2017-12-12,4068.5053,4016.0163,4070.1503,4015.4546,8433871800.0,123515183182.0
2017-12-13,4013.8319,4050.0927,4052.6878,4004.7436,7754613100.0,115006383360.0
2017-12-14,4050.9028,4026.1516,4057.6245,4013.8546,8076886200.0,115086944924.0
2017-12-15,4018.7313,3980.8558,4020.2668,3974.9277,8904438900.0,118474144231.0
2017-12-18,3983.2965,3985.2914,4008.0688,3967.9343,7785337500.0,111724349856.0
2017-12-19,3985.8233,4035.3294,4035.6296,3985.8233,7752898500.0,115998204342.0
2017-12-20,4036.02,4030.49,4044.85,4015.63,9060450300.0,126812878124.0
2017-12-21,4023.08,4067.85,4080.78,4014.65,9683608900.0,137819520871.0
2017-12-22,4064.91,4054.6,4076.8,4048.49,7347368400.0,104426496022.0
2017-12-25,4057.42,4041.54,4086.93,4026.45,9192696200.0,129938839152.0
2017-12-26,4040.62,4053.62,4056.86,4015.3,9111879000.0,119725100617.0
2017-12-27,4045.28,3991.21,4047.74,3986.74,10515357700.0,140516907102.0
2017-12-28,3993.0,4018.9,4036.7,3980.24,11854288600.0,153636695762.0
2017-12-29,4022.88,4030.85,4043.14,4012.87,9048668300.0,121257038529.0
2018-01-02,4045.21,4087.4,4087.78,4045.21,14693543500.0,178402032875.0
2018-01-03,4091.46,4111.39,4140.05,4088.73,15185221800.0,205726889556.0
2018-01-04,4114.12,4128.81,4137.64,4105.89,13454379400.0,174523556133.0
2018-01-05,4133.34,4138.75,4151.28,4123.28,14900987200.0,185206293226.0
2018-01-08,4140.85,4160.16,4166.32,4127.31,17387766600.0,226403872932.0
2018-01-09,4157.54,4189.3,4191.28,4153.5,13903429400.0,181975079758.0
2018-01-10,4187.2,4207.81,4211.05,4175.14,15112166600.0,194850253886.0
2018-01-11,4197.11,4205.59,4211.8,4181.96,12157853900.0,170407305946.0
2018-01-12,4205.14,4225.0,4227.39,4199.03,11135479400.0,157606210635.0
2018-01-15,4229.84,4225.24,4262.93,4216.36,17090789700.0,234986586088.0
2018-01-16,4215.62,4258.47,4260.21,4213.13,16149496300.0,228271224756.0
2018-01-17,4261.78,4248.12,4283.34,4230.54,21431103200.0,284554359815.0
2018-01-18,4259.38,4271.42,4292.64,4246.68,17203284600.0,225289688909.0
2018-01-19,4281.94,4285.4,4316.57,4269.62,20949057000.0,258554725360.0
2018-01-22,4276.48,4336.6,4338.48,4275.9,17464319500.0,233960223311.0
2018-01-23,4346.89,4382.61,4383.57,4346.79,20186758500.0,257113359897.0
2018-01-24,4389.45,4389.89,4397.82,4349.09,21981888900.0,284470809530.0
2018-01-25,4381.98,4365.08,4392.2,4336.24,19537495000.0,250308091870.0
2018-01-26,4352.22,4381.3,4403.34,4351.49,17722723700.0,223331309122.0
2018-01-29,4387.06,4302.02,4395.91,4287.11,19110035400.0,256176323789.0
2018-01-30,4286.68,4256.1,4308.51,4251.57,13903473000.0,186650566155.0
2018-01-31,4234.11,4275.9,4287.86,4232.77,14521016400.0,194401798025.0
2018-02-01,4276.34,4245.9,4287.39,4214.29,19000293400.0,239230298933.0
2018-02-02,4213.94,4271.23,4271.76,4181.78,14606682700.0,191169867288.0
2018-02-05,4204.46,4274.15,4274.15,4200.14,16134779900.0,217360144504.0
2018-02-06,4182.33,4148.89,4211.52,4131.56,21491045000.0,279415083155.0
2018-02-07,4205.74,4050.5,4212.57,4048.42,20312749300.0,261507027391.0
2018-02-08,4022.88,4012.05,4071.67,3974.68,15926998500.0,199061771955.0
2018-02-09,3896.17,3840.65,3911.29,3759.15,20634982800.0,246774828431.0
2018-02-12,3846.27,3890.1,3907.84,3828.07,11618263700.0,149858043556.0
2018-02-13,3925.6,3935.63,3986.98,3925.6,11256588500.0,144479354377.0
2018-02-14,3945.09,3966.96,3971.4,3923.13,7108133800.0,93110201390.0
2018-02-22,4020.97,4052.73,4058.79,4009.92,10581157100.0,138334361735.0
2018-02-23,4061.75,4071.09,4085.2,4035.23,9945874600.0,128195835194.0
2018-02-26,4093.4,4118.42,4128.74,4048.98,13788100100.0,179013093605.0
2018-02-27,4120.87,4058.98,4120.87,4051.81,12593447000.0,169684900954.0
2018-02-28,4016.79,4023.64,4051.71,3991.71,10934359300.0,152493909262.0
2018-03-01,3994.87,4049.09,4061.03,3986.89,11019985200.0,146003456663.0
2018-03-02,4014.95,4016.46,4044.42,4006.94,9616500000.0,130931181201.0
2018-03-05,4021.66,4018.1,4042.83,3995.87,8795254800.0,118197859452.0
2018-03-06,4034.99,4066.56,4067.55,3998.93,13876244400.0,171370654136.0
2018-03-07,4063.5,4036.65,4089.7,4027.94,10695242600.0,136572305560.0
2018-03-08,4038.95,4077.6,4078.23,4029.71,9115581000.0,123634637120.0
2018-03-09,4088.07,4108.87,4110.67,4076.45,11370180800.0,150024119651.0
2018-03-12,4130.71,4127.67,4139.53,4112.77,14090673900.0,190367593786.0
2018-03-13,4124.33,4091.25,4130.28,4087.56,11176643000.0,141174160638.0
2018-03-14,4076.06,4073.34,4089.09,4066.49,9901340900.0,131537959370.0
2018-03-15,4058.71,4096.16,4098.99,4058.71,8816115600.0,126882452702.0
2018-03-16,4096.89,4056.42,4110.05,4055.82,8489618800.0,122125342027.0
2018-03-19,4054.62,4074.25,4074.52,4033.52,8150288200.0,118183815140.0
2018-03-20,4045.74,4077.7,4080.19,4040.31,8060528000.0,111980234031.0
2018-03-21,4097.02,4061.05,4110.12,4046.24,9760948800.0,139330411871.0
2018-03-22,4062.07,4020.35,4072.38,4003.72,8909525900.0,127664337990.0
2018-03-23,3896.74,3904.94,3928.51,3834.94,18008044900.0,218905031317.0
2018-03-26,3862.69,3879.89,3883.9,3829.92,11513912800.0,156604527227.0
2018-03-27,3927.49,3913.27,3936.78,3881.87,11370071100.0,162291546573.0
2018-03-28,3865.05,3842.72,3907.28,3835.88,10149490800.0,155848951057.0
2018-03-29,3854.59,3894.05,3913.96,3794.26,11662906600.0,164996782981.0
2018-03-30,3893.75,3898.5,3915.35,3879.21,9751227000.0,137959280455.0
2018-04-02,3897.01,3886.92,3937.02,3882.89,11124266600.0,159356080038.0
2018-04-03,3850.15,3862.48,3878.15,3839.93,9513736900.0,132049936105.0
2018-04-04,3873.63,3854.86,3898.61,3852.5,8873060900.0,131593067938.0
2018-04-09,3851.95,3852.93,3870.67,3827.41,8410546200.0,118167273509.0
2018-04-10,3860.72,3927.17,3927.42,3851.8,10617372200.0,137941300225.0
2018-04-11,3934.17,3938.34,3958.71,3924.96,11193302100.0,139989290630.0
2018-04-12,3935.67,3898.64,3937.78,3896.18,8269949000.0,108075565476.0
2018-04-13,3920.74,3871.14,3929.95,3866.19,7154420300.0,98921826969.0
2018-04-16,3862.47,3808.86,3869.16,3789.61,9921777000.0,131566866868.0
2018-04-17,3812.87,3748.64,3822.63,3745.44,9061079000.0,126518751972.0
2018-04-18,3785.31,3766.28,3789.66,3708.11,10667670600.0,143077676004.0
2018-04-19,3774.78,3811.84,3824.03,3767.8,9905406000.0,127520121562.0
2018-04-20,3801.21,3760.85,3815.44,3750.1,9928292500.0,123550664541.0
2018-04-23,3754.69,3766.33,3787.4,3735.18,9035629100.0,111763031500.0
2018-04-24,3769.88,3843.49,3854.43,3769.88,11421952500.0,145700512791.0
2018-04-25,3824.59,3828.7,3838.69,3817.03,7817261200.0,105750449452.0
2018-04-26,3823.39,3755.49,3828.71,3744.89,8715064100.0,125772304515.0
2018-04-27,3771.04,3756.88,3776.98,3714.64,8953172600.0,142113627600.0
2018-05-02,3769.93,3763.65,3787.3,3744.55,8330103500.0,120083483290.0
2018-05-03,3756.17,3793.0,3797.53,3732.37,9396111800.0,122740168864.0
2018-05-04,3784.32,3774.6,3801.52,3770.94,7155428800.0,98315254609.0
2018-05-07,3782.54,3834.19,3834.59,3776.03,8728619500.0,126354800811.0
2018-05-08,3834.61,3878.68,3892.07,3833.73,9421515700.0,135445862529.0
2018-05-09,3876.13,3871.62,3878.94,3855.74,6671296600.0,92322896271.0
2018-05-10,3882.84,3893.06,3894.49,3867.31,7066780900.0,103255140585.0
2018-05-11,3902.15,3872.84,3903.34,3871.95,7335660400.0,107715457040.0
2018-05-14,3886.87,3909.29,3919.3,3886.87,8197599900.0,122520047995.0
2018-05-15,3920.14,3924.1,3924.34,3892.92,7604955500.0,106091905845.0
2018-05-16,3909.82,3892.84,3923.34,3889.19,7191364600.0,106533930265.0
2018-05-17,3895.49,3864.05,3899.51,3858.85,5903012300.0,87104164680.0
2018-05-18,3860.16,3903.06,3903.06,3841.9,7261395600.0,96823851809.0
2018-05-21,3925.54,3921.24,3937.46,3913.6,9264173700.0,120528726019.0
2018-05-22,3918.82,3906.21,3918.82,3881.17,7536877800.0,102883344897.0
2018-05-23,3898.27,3854.58,3898.27,3854.58,8372231900.0,110684503206.0
2018-05-24,3853.29,3827.22,3859.1,3823.92,6834502200.0,93408219637.0
2018-05-25,3823.74,3816.5,3841.12,3804.13,7083638600.0,95667543827.0
2018-05-28,3816.26,3833.26,3846.55,3799.32,7152113200.0,100001639047.0
2018-05-29,3824.19,3804.01,3841.78,3800.67,8155266200.0,117288580582.0
2018-05-30,3755.18,3723.37,3767.89,3722.07,8791328500.0,115858975810.0
2018-05-31,3749.3,3802.38,3804.79,3742.53,9266689400.0,130545422180.0
2018-06-01,3789.67,3770.59,3802.54,3753.84,7782181300.0,105934865863.0
2018-06-04,3785.19,3807.58,3813.41,3776.62,7662434100.0,115146468450.0
2018-06-05,3811.29,3845.32,3845.56,3800.93,7868736000.0,121261467224.0
2018-06-06,3839.68,3837.35,3848.33,3830.9,7311723700.0,107142041766.0
2018-06-07,3846.94,3831.01,3859.85,3827.69,8025614700.0,112365710702.0
2018-06-08,3819.45,3779.62,3819.46,3759.27,8333733500.0,107818798321.0
2018-06-11,3770.21,3779.98,3792.55,3756.51,6870983400.0,105597924649.0
2018-06-12,3783.19,3825.95,3830.47,3765.26,7320624400.0,116217139615.0
2018-06-13,3814.62,3788.34,3817.45,3782.07,6637797000.0,97185498920.0
2018-06-14,3774.64,3773.37,3808.16,3759.25,6847132200.0,99234014984.0
2018-06-15,3763.04,3753.43,3780.34,3737.43,8548889300.0,109534900847.0
2018-06-19,3702.67,3621.12,3712.82,3583.02,16070654200.0,193848797293.0
2018-06-20,3602.55,3635.44,3649.34,3578.17,8671809800.0,112804812786.0
2018-06-21,3633.56,3592.97,3673.56,3589.49,9390855200.0,115584149028.0
2018-06-22,3567.89,3608.9,3609.08,3542.46,7511786400.0,89687282053.0
2018-06-25,3625.8,3560.48,3631.03,3559.03,7987707800.0,106690345317.0
2018-06-26,3521.59,3531.11,3541.78,3478.21,8498526900.0,108132167346.0
2018-06-27,3525.13,3459.26,3537.66,3441.78,8149181700.0,107628896582.0
2018-06-28,3434.94,3423.53,3477.06,3416.95,7591805100.0,98570527345.0
2018-06-29,3431.96,3510.98,3512.38,3425.22,7725703100.0,97616367299.0
2018-07-02,3504.46,3407.96,3506.9,3383.5,8435144900.0,107601540659.0
2018-07-03,3410.48,3409.28,3422.04,3319.29,9527869300.0,129898019347.0
2018-07-04,3398.78,3363.75,3418.33,3359.09,7515799700.0,93648559089.0
2018-07-05,3365.55,3342.44,3398.49,3330.71,8158798100.0,97544619590.0
2018-07-06,3347.06,3365.12,3396.25,3295.73,8609757900.0,109481942501.0
2018-07-09,3378.91,3459.18,3459.32,3378.91,7660154500.0,100918863679.0
2018-07-10,3464.91,3467.52,3474.14,3437.27,6954882300.0,90127445728.0
2018-07-11,3398.93,3407.53,3427.57,3375.14,7204095000.0,89661507129.0
2018-07-12,3403.33,3481.06,3499.1,3403.33,9635356400.0,117805514793.0
2018-07-13,3488.5,3492.69,3499.76,3474.91,7295589700.0,99800184924.0
2018-07-16,3488.97,3472.09,3506.24,3459.73,6828199900.0,90754288081.0
2018-07-17,3466.42,3449.38,3467.19,3420.97,6198307600.0,85720563654.0
2018-07-18,3456.61,3431.32,3479.26,3430.16,6653033000.0,88556873195.0
2018-07-19,3444.8,3428.34,3466.51,3417.96,6847771600.0,88804907805.0
2018-07-20,3426.46,3492.89,3505.93,3398.95,10198472700.0,122196953815.0
2018-07-23,3471.86,3525.75,3527.53,3464.65,11903662700.0,143960930682.0
2018-07-24,3530.66,3581.71,3596.51,3530.66,15691243500.0,177448954019.0
2018-07-25,3589.51,3577.75,3589.98,3566.31,9675850100.0,112176694173.0
2018-07-26,3583.32,3536.25,3593.92,3528.64,9034964100.0,105577285189.0
2018-07-27,3533.77,3521.23,3545.41,3512.7,7017810400.0,81192174902.0
2018-07-30,3520.85,3515.08,3550.9,3489.55,8211699500.0,96183097601.0
2018-07-31,3510.47,3517.66,3528.15,3493.15,6798081700.0,80022152109.0
2018-08-01,3530.03,3447.39,3543.61,3446.78,9034861700.0,107477214866.0
2018-08-02,3434.35,3370.96,3434.35,3322.1,10130872700.0,122401283623.0
2018-08-03,3366.66,3315.28,3381.34,3315.2,7079691000.0,91395987151.0
2018-08-06,3312.82,3273.27,3344.25,3257.69,7797508300.0,97517991022.0
2018-08-07,3284.98,3368.87,3368.96,3263.5,9178391600.0,107512223951.0
2018-08-08,3362.15,3314.51,3368.16,3311.77,7928486500.0,90958912013.0
2018-08-09,3303.48,3397.53,3408.39,3299.62,9195757200.0,108802315182.0
2018-08-10,3398.41,3405.02,3424.04,3380.57,6896729900.0,85634522136.0
2018-08-13,3369.98,3390.34,3396.19,3336.7,7619153200.0,90869290864.0
2018-08-14,3386.48,3372.91,3391.73,3356.61,6065144600.0,72121992610.0
2018-08-15,3371.96,3291.98,3372.14,3288.71,6817405500.0,83402193917.0
2018-08-16,3251.86,3276.73,3315.2,3231.56,7654736600.0,89269175663.0
2018-08-17,3305.9,3229.62,3311.57,3224.1,6739541300.0,84452452537.6
2018-08-20,3238.22,3267.25,3267.25,3209.01,7090422800.0,88963382601.9
2018-08-21,3271.84,3326.65,3331.71,3270.03,7520558300.0,97925840441.5
2018-08-22,3328.97,3307.95,3328.97,3299.39,5078705700.0,66548536184.4
2018-08-23,3308.46,3320.03,3336.11,3285.81,6111233400.0,80212785557.6
2018-08-24,3308.48,3325.33,3353.04,3291.87,6376589700.0,77197847851.7
2018-08-27,3339.39,3406.57,3406.57,3339.26,9427008200.0,114960964550.8
2018-08-28,3408.15,3400.17,3416.59,3388.81,7544536300.0,94945949810.0
2018-08-29,3393.05,3386.57,3398.71,3377.12,6702040400.0,79072300213.0
2018-08-30,3385.81,3351.09,3402.56,3349.47,6838529000.0,80226052652.0
2018-08-31,3333.38,3334.5,3356.58,3310.87,7620563000.0,96091892858.0
2018-09-03,3320.69,3321.82,3325.61,3291.78,6642985500.0,81305681453.0
2018-09-04,3324.19,3363.9,3370.96,3307.96,6708880700.0,85892034874.0
2018-09-05,3349.7,3298.14,3354.2,3298.14,6430188800.0,80656675217.0
2018-09-06,3286.66,3262.88,3311.5,3253.76,6230028800.0,79373138215.9
2018-09-07,3273.89,3277.64,3316.61,3253.72,6394740800.0,81263439990.3
2018-09-10,3271.38,3230.07,3277.88,3227.85,6381705100.0,76175580336.9
2018-09-11,3229.71,3224.21,3245.62,3209.11,5849130500.0,67722118923.3
2018-09-12,3216.99,3202.02,3225.6,3194.98,5462789900.0,68887020055.9
2018-09-13,3239.69,3236.57,3249.59,3191.4,6729032700.0,85887962112.6
2018-09-14,3242.83,3242.09,3254.1,3227.94,6013064000.0,76481211955.9
2018-09-17,3224.93,3204.92,3230.79,3200.51,5225954700.0,60650940907.6
2018-09-18,3193.64,3269.43,3270.11,3193.64,7042503500.0,83899137593.0
2018-09-19,3262.0,3312.48,3335.99,3258.31,8917066600.0,109395423837.7
2018-09-20,3314.88,3310.13,3332.31,3303.07,6456105700.0,76660845175.0
2018-09-21,3320.7,3410.49,3410.49,3307.77,10841600500.0,123573117858.2
2018-09-25,3375.97,3379.8,3394.38,3367.03,6905469300.0,82870029933.1
2018-09-26,3388.56,3417.24,3448.26,3383.24,9317334300.0,119113319089.3
2018-09-27,3415.95,3403.59,3423.71,3394.73,6976524100.0,87573300844.9
2018-09-28,3409.96,3438.86,3444.99,3404.7,8437775600.0,94880274571.6
2018-10-08,3361.56,3290.9,3364.46,3285.25,9788898900.0,114164218382.3
2018-10-09,3290.17,3288.69,3309.8,3276.13,6672327400.0,78372941344.8
2018-10-10,3295.43,3281.6,3315.73,3256.58,6449282800.0,79166808584.8
2018-10-11,3179.54,3124.11,3209.52,3099.04,12094134200.0,125723084486.2
2018-10-12,3123.37,3170.73,3184.12,3094.97,9861115100.0,104423076622.8
2018-10-15,3173.85,3126.45,3183.13,3120.23,6960502300.0,77137696800.3
2018-10-16,3128.58,3100.97,3166.09,3089.37,6888772100.0,75206470956.0
2018-10-17,3140.68,3118.25,3149.13,3062.55,7683713800.0,86132695913.3
2018-10-18,3097.79,3044.39,3097.79,3043.38,7377196800.0,79703731918.5
2018-10-19,3017.75,3134.95,3137.75,3009.5,9883968800.0,110951369122.1
2018-10-22,3159.56,3270.27,3297.38,3159.56,14586204500.0,170651306178.0
2018-10-23,3273.13,3183.43,3276.02,3163.57,12101324100.0,142589176814.6
2018-10-24,3169.46,3188.2,3245.4,3164.29,11090974400.0,120954387288.4
2018-10-25,3107.84,3194.31,3197.32,3099.89,10695181700.0,113291746429.9
2018-10-26,3204.28,3173.64,3218.1,3151.92,10129935400.0,106070366759.9
2018-10-29,3157.49,3076.89,3158.81,3062.58,9183978900.0,108479490210.8
2018-10-30,3061.93,3110.26,3146.63,3050.77,11607010100.0,131767102718.5
2018-10-31,3116.66,3153.82,3168.92,3106.03,11120745500.0,117099697835.9
2018-11-01,3185.2,3177.03,3217.8,3173.1,13265337900.0,145919304280.1
2018-11-02,3258.61,3290.25,3290.25,3222.44,15346610400.0,178340643410.5
2018-11-05,3269.47,3262.84,3279.88,3230.36,10970668300.0,123630922688.6
2018-11-06,3254.98,3243.15,3254.98,3213.89,8386913800.0,91703898055.4
2018-11-07,3243.88,3221.91,3270.5,3218.42,9161552800.0,101814918974.5
2018-11-08,3251.73,3212.77,3253.57,3207.71,7641454000.0,85221664741.0
2018-11-09,3193.3,3167.44,3193.3,3166.31,8428276200.0,88194192201.7
2018-11-12,3160.25,3205.14,3206.51,3152.44,8806239100.0,97363052031.5
2018-11-13,3164.92,3237.38,3254.77,3161.1,12649346400.0,125603047265.2
2018-11-14,3233.64,3204.94,3239.24,3200.23,11380865900.0,105386565968.3
2018-11-15,3201.28,3242.37,3242.38,3198.78,9855881000.0,100119192332.3
2018-11-16,3242.88,3257.67,3282.39,3223.72,12687683500.0,135379803918.5
2018-11-19,3258.79,3294.6,3294.6,3251.07,11595659500.0,123188777592.2
2018-11-20,3268.08,3218.41,3278.78,3213.68,10936115400.0,114155066806.2
2018-11-21,3187.1,3226.49,3230.26,3185.24,8411972600.0,87813273908.4
2018-11-22,3232.97,3214.43,3235.45,3199.7,6509829100.0,70083372614.5
2018-11-23,3208.59,3143.48,3212.2,3139.39,8463825500.0,86864946183.9
2018-11-26,3148.67,3141.24,3169.44,3131.64,5937914000.0,61899479598.9
2018-11-27,3152.77,3137.24,3162.01,3126.29,5540783200.0,61946261110.2
2018-11-28,3137.75,3178.93,3179.41,3126.62,7488195500.0,77620553113.3
2018-11-29,3198.83,3137.65,3204.86,3137.65,8049846600.0,86927611883.2
2018-11-30,3136.2,3172.69,3175.15,3132.42,7092104400.0,77297697684.1
